id,name,url,rating,types
ChIJK7xLl1gZ2jERP_GdUY9XNLo,VivoCity,https://maps.google.com/?cid=13417445462904795455&g_mp=Cilnb29nbGUubWFwcy5wbGFjZXMudjEuUGxhY2VzLlNlYXJjaE5lYXJieRAAGAQgAA,4.5,"shopping_mall, point_of_interest, establishment"
ChIJQ6MVplUZ2jERn1LmNH0DlDA,Universal Studios Singapore,https://maps.google.com/?cid=3500426646667023007&g_mp=Cilnb29nbGUubWFwcy5wbGFjZXMudjEuUGxhY2VzLlNlYXJjaE5lYXJieRAAGAQgAA,4.6,"tourist_attraction, amusement_park, amusement_center, point_of_interest, establishment"
ChIJ5Qx1aOIb2jERwQsRlRdHaWM,HarbourFront Centre,https://maps.google.com/?cid=7163334848920226753&g_mp=Cilnb29nbGUubWFwcy5wbGFjZXMudjEuUGxhY2VzLlNlYXJjaE5lYXJieRAAGAQgAA,4.4,"shopping_mall, point_of_interest, establishment"
ChIJlXwdqs0b2jERnqiRG2DrUXU,HarbourFront MRT Station (CC29),https://maps.google.com/?cid=8453796773563050142&g_mp=Cilnb29nbGUubWFwcy5wbGFjZXMudjEuUGxhY2VzLlNlYXJjaE5lYXJieRAAGAQgAA,4.6,"point_of_interest, establishment"
ChIJj-3Cq_0b2jERJv2MBkSVsPQ,Singapore Oceanarium,https://maps.google.com/?cid=17631756660555709734&g_mp=Cilnb29nbGUubWFwcy5wbGFjZXMudjEuUGxhY2VzLlNlYXJjaE5lYXJieRAAGAQgAA,4.6,"aquarium, tourist_attraction, point_of_interest, establishment"
ChIJEY27wcEb2jERZ_Evi19g6-A,Mapletree Business City,https://maps.google.com/?cid=16207153647496196455&g_mp=Cilnb29nbGUubWFwcy5wbGFjZXMudjEuUGxhY2VzLlNlYXJjaE5lYXJieRAAGAQgAA,4.3,"point_of_interest, establishment"
ChIJLR75v_0b2jERJrR28stYwMU,Resorts World Sentosa,https://maps.google.com/?cid=14249486853969720358&g_mp=Cilnb29nbGUubWFwcy5wbGFjZXMudjEuUGxhY2VzLlNlYXJjaE5lYXJieRAAGAQgAA,4.6,"resort_hotel, tourist_attraction, aquarium, casino, hotel, lodging, point_of_interest, establishment"
ChIJs1Hr6f4b2jER3t3uRzo5IgE,Skyline Luge,https://maps.google.com/?cid=81690665723813342&g_mp=Cilnb29nbGUubWFwcy5wbGFjZXMudjEuUGxhY2VzLlNlYXJjaE5lYXJieRAAGAQgAA,4.5,"tourist_attraction, point_of_interest, establishment"
ChIJwz3yHMEb2jERHclcbs5KL4A,Alexandra Retail Centre (ARC),https://maps.google.com/?cid=9236683611235469597&g_mp=Cilnb29nbGUubWFwcy5wbGFjZXMudjEuUGxhY2VzLlNlYXJjaE5lYXJieRAAGAQgAA,4,"shopping_mall, point_of_interest, establishment"
ChIJAQAAAK0e2jERMFQeIT5IR-E,Singapore Cable Car,https://maps.google.com/?cid=16233022813561050160&g_mp=Cilnb29nbGUubWFwcy5wbGFjZXMudjEuUGxhY2VzLlNlYXJjaE5lYXJieRAAGAQgAA,4.6,"tourist_attraction, point_of_interest, establishment"
ChIJ3f__j_kb2jERYEEHaAfmcB8,Wings of Time Fireworks Symphony,https://maps.google.com/?cid=2265563532051824992&g_mp=Cilnb29nbGUubWFwcy5wbGFjZXMudjEuUGxhY2VzLlNlYXJjaE5lYXJieRAAGAQgAA,4.6,"tourist_attraction, point_of_interest, establishment"
ChIJPeDOF0kb2jERaAH6HhwdcuQ,Resorts World Sentosa Casino,https://maps.google.com/?cid=16461251594608574824&g_mp=Cilnb29nbGUubWFwcy5wbGFjZXMudjEuUGxhY2VzLlNlYXJjaE5lYXJieRAAGAQgAA,4.3,"casino, point_of_interest, establishment"
ChIJyz5ehmAb2jEROk7mVTYgGCg,mTower,https://maps.google.com/?cid=2889094578699652666&g_mp=Cilnb29nbGUubWFwcy5wbGFjZXMudjEuUGxhY2VzLlNlYXJjaE5lYXJieRAAGAQgAA,4.2,"corporate_office, point_of_interest, establishment"
ChIJnaclKngb2jERIZvtEgenn8w,Village Hotel Sentosa,https://maps.google.com/?cid=14744687353858464545&g_mp=Cilnb29nbGUubWFwcy5wbGFjZXMudjEuUGxhY2VzLlNlYXJjaE5lYXJieRAAGAQgAA,4.3,"hotel, lodging, point_of_interest, establishment"
ChIJhQsgLl8Z2jER_ewMvV5K6p8,Travelodge Harbourfront,https://maps.google.com/?cid=11523104367339957501&g_mp=Cilnb29nbGUubWFwcy5wbGFjZXMudjEuUGxhY2VzLlNlYXJjaE5lYXJieRAAGAQgAA,4,"hotel, lodging, point_of_interest, establishment"
ChIJ7bOWWUIb2jERuJLxuUVP3Ho,Labrador Tower,https://maps.google.com/?cid=8853038128394506936&g_mp=Cilnb29nbGUubWFwcy5wbGFjZXMudjEuUGxhY2VzLlNlYXJjaE5lYXJieRAAGAQgAA,3.6,"corporate_office, point_of_interest, establishment"
ChIJ7aFemPAb2jERQTmgdV0wbLM,"Shangri-La Rasa Sentosa, Singapore",https://maps.google.com/?cid=12928761808237377857&g_mp=Cilnb29nbGUubWFwcy5wbGFjZXMudjEuUGxhY2VzLlNlYXJjaE5lYXJieRAAGAQgAA,4.5,"resort_hotel, hotel, lodging, point_of_interest, establishment"
ChIJoy3rj-sb2jERA_wMVazFAiI,Labrador Nature Reserve,https://maps.google.com/?cid=2450738491194932227&g_mp=Cilnb29nbGUubWFwcy5wbGFjZXMudjEuUGxhY2VzLlNlYXJjaE5lYXJieRAAGAQgAA,4.6,"park, point_of_interest, establishment"
ChIJS0Dhxf0b2jERAuG9YaPrYjA,Adventure Cove Waterpark,https://maps.google.com/?cid=3486608148490215682&g_mp=Cilnb29nbGUubWFwcy5wbGFjZXMudjEuUGxhY2VzLlNlYXJjaE5lYXJieRAAGAQgAA,4.4,"water_park, tourist_attraction, amusement_park, amusement_center, point_of_interest, establishment"
ChIJk9NTsREb2jER8TZTUgD_UdU,Caribbean at Keppel Bay,https://maps.google.com/?cid=15371347380038481649&g_mp=Cilnb29nbGUubWFwcy5wbGFjZXMudjEuUGxhY2VzLlNlYXJjaE5lYXJieRAAGAQgAA,4.6,"condominium_complex, point_of_interest, establishment"
ChIJV8Xb91gZ2jER-WmSKEt5LN0,Vivo City,https://maps.google.com/?cid=15937246545067534841&g_mp=Cilnb29nbGUubWFwcy5wbGFjZXMudjEuUGxhY2VzLlNlYXJjaE5lYXJieRAAGAQgAA,4.6,"bus_stop, transit_station, point_of_interest, establishment"
ChIJ1VO7IVkZ2jERBm7au3IHB0I,St James Power Station,https://maps.google.com/?cid=4757779720699538950&g_mp=Cilnb29nbGUubWFwcy5wbGFjZXMudjEuUGxhY2VzLlNlYXJjaE5lYXJieRAAGAQgAA,4.2,"historical_landmark, historical_place, night_club, point_of_interest, establishment"
ChIJCY9OVf4b2jERUpSqNgjnpBQ,Sentosa Development Corporation,https://maps.google.com/?cid=1487567799402009682&g_mp=Cilnb29nbGUubWFwcy5wbGFjZXMudjEuUGxhY2VzLlNlYXJjaE5lYXJieRAAGAQgAA,4.1,"tourist_attraction, tourist_information_center, tour_agency, travel_agency, point_of_interest, establishment"
ChIJWUrZuc0Z2jERAtxWnHRcbLU,Dyson Global Headquarters,https://maps.google.com/?cid=13072925474258607106&g_mp=Cilnb29nbGUubWFwcy5wbGFjZXMudjEuUGxhY2VzLlNlYXJjaE5lYXJieRAAGAQgAA,2.3,"corporate_office, point_of_interest, establishment"
ChIJ81JXrksY2jER7-F68K-_oI8,Police Coast Guard - Brani Base (Headquarters),https://maps.google.com/?cid=10349482706072166895&g_mp=Cilnb29nbGUubWFwcy5wbGFjZXMudjEuUGxhY2VzLlNlYXJjaE5lYXJieRAAGAQgAA,3.8,"point_of_interest, establishment"
ChIJeQFPeMgZ2jERnsV_M2E4Ocg,Bones 'n Barrels Sentosa,https://maps.google.com/?cid=14427624871385089438&g_mp=Cilnb29nbGUubWFwcy5wbGFjZXMudjEuUGxhY2VzLlNlYXJjaE5lYXJieRAAGAQgAA,4.2,"restaurant, food, point_of_interest, establishment"
ChIJOW92VE0Z2jERflpqFS6E06Q,Serapong Golf Course,https://maps.google.com/?cid=11876981975768783486&g_mp=Cilnb29nbGUubWFwcy5wbGFjZXMudjEuUGxhY2VzLlNlYXJjaE5lYXJieRAAGAQgAA,4.5,"golf_course, athletic_field, sports_activity_location, point_of_interest, establishment"
ChIJ4zgI4zkZ2jERcumg6t8I9eg,WaterWorld,https://maps.google.com/?cid=16786332943900535154&g_mp=Cilnb29nbGUubWFwcy5wbGFjZXMudjEuUGxhY2VzLlNlYXJjaE5lYXJieRAAGAQgAA,4.6,"tourist_attraction, point_of_interest, establishment"
ChIJyaOkt1oZ2jERVsKGBOIcIdE,PSA Brani Terminal,https://maps.google.com/?cid=15069357585222517334&g_mp=Cilnb29nbGUubWFwcy5wbGFjZXMudjEuUGxhY2VzLlNlYXJjaE5lYXJieRAAGAQgAA,4.4,"point_of_interest, establishment"
ChIJhVF18lQZ2jERA5C_EHKdiAo,Resorts World Sentosa,https://maps.google.com/?cid=759029650444750851&g_mp=Cilnb29nbGUubWFwcy5wbGFjZXMudjEuUGxhY2VzLlNlYXJjaE5lYXJieRAAGAQgAA,4.2,"bus_stop, transit_station, point_of_interest, establishment"
ChIJBZmuX6se2jERznfY5HTEqrA,Sentosa Fire Station,https://maps.google.com/?cid=12730203303050770382&g_mp=Cilnb29nbGUubWFwcy5wbGFjZXMudjEuUGxhY2VzLlNlYXJjaE5lYXJieRAAGAQgAA,4.9,"fire_station, government_office, point_of_interest, establishment"
ChIJP7vxUUkZ2jERatw7BgbbGNg,Brani Marine Fire Station,https://maps.google.com/?cid=15571436530554362986&g_mp=Cilnb29nbGUubWFwcy5wbGFjZXMudjEuUGxhY2VzLlNlYXJjaE5lYXJieRAAGAQgAA,3.6,"fire_station, government_office, point_of_interest, establishment"
ChIJHfsqMlkZ2jERr_VvRqACHV4,Prima Food Pte Ltd,https://maps.google.com/?cid=6781579501289600431&g_mp=Cilnb29nbGUubWFwcy5wbGFjZXMudjEuUGxhY2VzLlNlYXJjaE5lYXJieRAAGAQgAA,3.8,"food, point_of_interest, establishment"
ChIJy5Imj80f2jERFY5dqiCKtXc,World Sentosa + Adventure Cove Waterpark,https://maps.google.com/?cid=8625952534199897621&g_mp=Cilnb29nbGUubWFwcy5wbGFjZXMudjEuUGxhY2VzLlNlYXJjaE5lYXJieRAAGAQgAA,4.7,"tourist_attraction, point_of_interest, establishment"
ChIJE__kDQAf2jERZlLKjvp_1d0,Santosa,https://maps.google.com/?cid=15984823166535619174&g_mp=Cilnb29nbGUubWFwcy5wbGFjZXMudjEuUGxhY2VzLlNlYXJjaE5lYXJieRAAGAQgAA,5,"university, point_of_interest, establishment"
ChIJb3g7QXMZ2jER5UG5Dl3XPcQ,Prima Limited (FLOUR MILLS),https://maps.google.com/?cid=14140695199692177893&g_mp=Cilnb29nbGUubWFwcy5wbGFjZXMudjEuUGxhY2VzLlNlYXJjaE5lYXJieRAAGAQgAA,4,"point_of_interest, establishment"
ChIJ64jZU6Mf2jERuOpSam1xH2g,Fort Serapong,https://maps.google.com/?cid=7502840218971728568&g_mp=Cilnb29nbGUubWFwcy5wbGFjZXMudjEuUGxhY2VzLlNlYXJjaE5lYXJieRAAGAQgAA,4,"historical_landmark, historical_place, point_of_interest, establishment"
ChIJDxyQUAAZ2jERVmLHwcPgzqI,Sentosa Boardwalk,https://maps.google.com/?cid=11731561210721034838&g_mp=Cilnb29nbGUubWFwcy5wbGFjZXMudjEuUGxhY2VzLlNlYXJjaE5lYXJieRAAGAQgAA,3.8,"hiking_area, tourist_attraction, park, sports_activity_location, point_of_interest, establishment"
ChIJwXTLLwAZ2jER4UiURaVqFn0,Harbourfront Boardwalk,https://maps.google.com/?cid=9013508962298120417&g_mp=Cilnb29nbGUubWFwcy5wbGFjZXMudjEuUGxhY2VzLlNlYXJjaE5lYXJieRAAGAQgAA,4.4,"hiking_area, park, sports_activity_location, point_of_interest, establishment"
ChIJy2KCdQAZ2jERDJ2C7EAW7DY,Marina Bay Cruise Centre Singapore,https://maps.google.com/?cid=3957562640653524236&g_mp=Cilnb29nbGUubWFwcy5wbGFjZXMudjEuUGxhY2VzLlNlYXJjaE5lYXJieRAAGAQgAA,4.4,"point_of_interest, establishment"
ChIJfyAOmiMZ2jERY-efsiKC7UM,Marina Bay Cruise Centre,https://maps.google.com/?cid=4894711455558920035&g_mp=Cilnb29nbGUubWFwcy5wbGFjZXMudjEuUGxhY2VzLlNlYXJjaE5lYXJieRAAGAQgAA,3.9,"bus_stop, transit_station, point_of_interest, establishment"
ChIJ0dJ7HkMZ2jERUyGFZY6WYXI,Marina South Wharves,https://maps.google.com/?cid=8242034331397464403&g_mp=Cilnb29nbGUubWFwcy5wbGFjZXMudjEuUGxhY2VzLlNlYXJjaE5lYXJieRAAGAQgAA,4.5,"point_of_interest, establishment"
ChIJ79WJnE8Z2jERdwMpv7aHzhk,F61 Taxi Stand,https://maps.google.com/?cid=1859572915111527287&g_mp=Cilnb29nbGUubWFwcy5wbGFjZXMudjEuUGxhY2VzLlNlYXJjaE5lYXJieRAAGAQgAA,5,"taxi_stand, point_of_interest, establishment"
ChIJfQt8RXMR2jERziNBBvT6Lz4,Marina Coastal Drive,https://maps.google.com/?cid=4481076080240829390&g_mp=Cilnb29nbGUubWFwcy5wbGFjZXMudjEuUGxhY2VzLlNlYXJjaE5lYXJieRAAGAQgAA,4.2,"point_of_interest, establishment"
ChIJmxL9KwAZ2jERkKlKXeZsPKM,Singapore Port,https://maps.google.com/?cid=11762396063448344976&g_mp=Cilnb29nbGUubWFwcy5wbGFjZXMudjEuUGxhY2VzLlNlYXJjaE5lYXJieRAAGAQgAA,4.2,"point_of_interest, establishment"
ChIJHQC9LQAZ2jERJywpHL17Fwk,PELABUHAN MARINA BAY SINGAPURA,https://maps.google.com/?cid=655128322957192231&g_mp=Cilnb29nbGUubWFwcy5wbGFjZXMudjEuUGxhY2VzLlNlYXJjaE5lYXJieRAAGAQgAA,4.5,"point_of_interest, establishment"
ChIJo2qByVQZ2jERI-CMaNo8888,No Name Cafe,https://maps.google.com/?cid=14984387293946372131&g_mp=Cilnb29nbGUubWFwcy5wbGFjZXMudjEuUGxhY2VzLlNlYXJjaE5lYXJieRAAGAQgAA,3.3,"coffee_shop, food_store, store, cafe, food, point_of_interest, establishment"
ChIJ6wSz6I8Z2jERSriIMUxgbOw,Poiz,https://maps.google.com/?cid=17036097370800568394&g_mp=Cilnb29nbGUubWFwcy5wbGFjZXMudjEuUGxhY2VzLlNlYXJjaE5lYXJieRAAGAQgAA,,"apartment_complex, point_of_interest, establishment"
ChIJ_2Xyox0Z2jERZe_ZDFZ-0Z4,Marina Bay Cruise Centre Singapore - Ground Transport Area,https://maps.google.com/?cid=11444067036173037413&g_mp=Cilnb29nbGUubWFwcy5wbGFjZXMudjEuUGxhY2VzLlNlYXJjaE5lYXJieRAAGAQgAA,,"point_of_interest, establishment"
ChIJqbORjiMZ2jERY7dcfyxySZE,MLS Meteorite Logistics Services,https://maps.google.com/?cid=10469024344240338787&g_mp=Cilnb29nbGUubWFwcy5wbGFjZXMudjEuUGxhY2VzLlNlYXJjaE5lYXJieRAAGAQgAA,5,"point_of_interest, establishment"
ChIJva8rjCMZ2jERtuu6UX08sJQ,Fifty Five Coffee Bar,https://maps.google.com/?cid=10714130022454193078&g_mp=Cilnb29nbGUubWFwcy5wbGFjZXMudjEuUGxhY2VzLlNlYXJjaE5lYXJieRAAGAQgAA,5,"point_of_interest, establishment"
ChIJPT7NfdcZ2jERhxDacwQAKU0,LUGGME Luggage Delivery,https://maps.google.com/?cid=5559975234089128071&g_mp=Cilnb29nbGUubWFwcy5wbGFjZXMudjEuUGxhY2VzLlNlYXJjaE5lYXJieRAAGAQgAA,5,"storage, point_of_interest, establishment"
ChIJeRTZvSMZ2jER91yRyTKx42w,Lighter B Pte Ltd,https://maps.google.com/?cid=7846309807497764087&g_mp=Cilnb29nbGUubWFwcy5wbGFjZXMudjEuUGxhY2VzLlNlYXJjaE5lYXJieRAAGAQgAA,,"point_of_interest, establishment"
ChIJ9etYpo0Z2jER50M7qK_44zY,Electric Vehicle Charging Station,https://maps.google.com/?cid=3955278331086848999&g_mp=Cilnb29nbGUubWFwcy5wbGFjZXMudjEuUGxhY2VzLlNlYXJjaE5lYXJieRAAGAQgAA,,"electric_vehicle_charging_station, point_of_interest, establishment"
ChIJTZmtHgAZ2jERv-F8-Q6bkZk,Estreito de Singapura,https://maps.google.com/?cid=11065796248043577791&g_mp=Cilnb29nbGUubWFwcy5wbGFjZXMudjEuUGxhY2VzLlNlYXJjaE5lYXJieRAAGAQgAA,4,"marina, point_of_interest, establishment"
ChIJ7_H89cwb2jERnCtKAIjAX44,IKEA Alexandra,https://maps.google.com/?cid=10259130166526225308&g_mp=Cilnb29nbGUubWFwcy5wbGFjZXMudjEuUGxhY2VzLlNlYXJjaE5lYXJieRAAGAQgAA,4.4,"furniture_store, home_improvement_store, home_goods_store, store, point_of_interest, establishment"
ChIJpeuce8sb2jERad66-Hwmus8,Queensway Shopping Center,https://maps.google.com/?cid=14968318629710061161&g_mp=Cilnb29nbGUubWFwcy5wbGFjZXMudjEuUGxhY2VzLlNlYXJjaE5lYXJieRAAGAQgAA,4.2,"shopping_mall, point_of_interest, establishment"
ChIJw5ELTysa2jER9jm3HP8a1E4,Redhill MRT Station (EW18),https://maps.google.com/?cid=5680194713021790710&g_mp=Cilnb29nbGUubWFwcy5wbGFjZXMudjEuUGxhY2VzLlNlYXJjaE5lYXJieRAAGAQgAA,4.4,"point_of_interest, establishment"
ChIJK_l04SUb2jERQce23QJpUbs,Queenstown MRT Station (EW19),https://maps.google.com/?cid=13497685019236681537&g_mp=Cilnb29nbGUubWFwcy5wbGFjZXMudjEuUGxhY2VzLlNlYXJjaE5lYXJieRAAGAQgAA,4.3,"point_of_interest, establishment"
ChIJ6Zgp8REZ2jERKgNTh7hU5EM,Google Singapore,https://maps.google.com/?cid=4892128246752281386&g_mp=Cilnb29nbGUubWFwcy5wbGFjZXMudjEuUGxhY2VzLlNlYXJjaE5lYXJieRAAGAQgAA,4.6,"corporate_office, point_of_interest, establishment"
ChIJ9WfzGcsb2jERc4z1myluJY8,Alexandra Hospital,https://maps.google.com/?cid=10314771646551264371&g_mp=Cilnb29nbGUubWFwcy5wbGFjZXMudjEuUGxhY2VzLlNlYXJjaE5lYXJieRAAGAQgAA,3.9,"hospital, health, point_of_interest, establishment"
ChIJ_8f5Bsob2jERSWLqXYUfPGY,Grab @ One-North,https://maps.google.com/?cid=7366797748138041929&g_mp=Cilnb29nbGUubWFwcy5wbGFjZXMudjEuUGxhY2VzLlNlYXJjaE5lYXJieRAAGAQgAA,2.1,"corporate_office, point_of_interest, establishment"
ChIJ1278pRwb2jER5mLbqcDeKCY,SAFRA Mount Faber,https://maps.google.com/?cid=2749692491574502118&g_mp=Cilnb29nbGUubWFwcy5wbGFjZXMudjEuUGxhY2VzLlNlYXJjaE5lYXJieRAAGAQgAA,4.2,"barbecue_area, gym, preschool, child_care_agency, athletic_field, school, sports_club, swimming_pool, sports_activity_location, health, restaurant, food, point_of_interest, establishment"
ChIJ_6SSVDUb2jERZzS4PfvOSp0,MUSEUM OF ICE CREAM SINGAPORE,https://maps.google.com/?cid=11334098990698869863&g_mp=Cilnb29nbGUubWFwcy5wbGFjZXMudjEuUGxhY2VzLlNlYXJjaE5lYXJieRAAGAQgAA,4.4,"tourist_attraction, museum, point_of_interest, establishment"
ChIJVXvuuswb2jER8BZU_kcS2ds,Anchorpoint,https://maps.google.com/?cid=15841713264671332080&g_mp=Cilnb29nbGUubWFwcy5wbGFjZXMudjEuUGxhY2VzLlNlYXJjaE5lYXJieRAAGAQgAA,3.9,"shopping_mall, point_of_interest, establishment"
ChIJu1Ef88sb2jER3Fc3W0QRoq8,Keng Eng Kee Seafood @ Alexandra Village,https://maps.google.com/?cid=12655696888150317020&g_mp=Cilnb29nbGUubWFwcy5wbGFjZXMudjEuUGxhY2VzLlNlYXJjaE5lYXJieRAAGAQgAA,4.3,"seafood_restaurant, restaurant, food, point_of_interest, establishment"
ChIJKY77qdYb2jERgrqa1URSZIM,ABC Brickworks Market & Food Centre,https://maps.google.com/?cid=9467782772234566274&g_mp=Cilnb29nbGUubWFwcy5wbGFjZXMudjEuUGxhY2VzLlNlYXJjaE5lYXJieRAAGAQgAA,4.2,"restaurant, food, point_of_interest, establishment"
ChIJBxRQ-vEb2jERchEhWGizV_Q,Stirling Residences,https://maps.google.com/?cid=17606738528964776306&g_mp=Cilnb29nbGUubWFwcy5wbGFjZXMudjEuUGxhY2VzLlNlYXJjaE5lYXJieRAAGAQgAA,4.3,"condominium_complex, point_of_interest, establishment"
ChIJWzvWhoYb2jERkhHGbme6tmQ,Momentus Hotel Alexandra,https://maps.google.com/?cid=7257192802957005202&g_mp=Cilnb29nbGUubWFwcy5wbGFjZXMudjEuUGxhY2VzLlNlYXJjaE5lYXJieRAAGAQgAA,4.2,"hotel, lodging, point_of_interest, establishment"
ChIJeXrAvBcb2jERhWAujA0K0LE,Henderson Waves,https://maps.google.com/?cid=12812751993171763333&g_mp=Cilnb29nbGUubWFwcy5wbGFjZXMudjEuUGxhY2VzLlNlYXJjaE5lYXJieRAAGAQgAA,4.7,"point_of_interest, establishment"
ChIJAUrVmI8b2jERdl2bYJXPrnA,Normanton Park,https://maps.google.com/?cid=8119655418673454454&g_mp=Cilnb29nbGUubWFwcy5wbGFjZXMudjEuUGxhY2VzLlNlYXJjaE5lYXJieRAAGAQgAA,3.8,"apartment_complex, point_of_interest, establishment"
ChIJB14IQoMZ2jERyjiLXouuJe0,Great World,https://maps.google.com/?cid=17088256274737084618&g_mp=Cilnb29nbGUubWFwcy5wbGFjZXMudjEuUGxhY2VzLlNlYXJjaE5lYXJieRAAGAQgAA,4.3,"shopping_mall, point_of_interest, establishment"
ChIJBXC7TAsZ2jERdpAi-2uczMQ,Chinatown Point,https://maps.google.com/?cid=14180881314271629430&g_mp=Cilnb29nbGUubWFwcy5wbGFjZXMudjEuUGxhY2VzLlNlYXJjaE5lYXJieRAAGAQgAA,4.2,"shopping_mall, point_of_interest, establishment"
ChIJsxht-eEZ2jER1cl3Egt3Na4,Chinatown MRT Station (DT19),https://maps.google.com/?cid=12553070425803311573&g_mp=Cilnb29nbGUubWFwcy5wbGFjZXMudjEuUGxhY2VzLlNlYXJjaE5lYXJieRAAGAQgAA,4.5,"point_of_interest, establishment"
ChIJlwOQpJ4Z2jER5EGYnv1VcvE,New Bahru,https://maps.google.com/?cid=17398062858261512676&g_mp=Cilnb29nbGUubWFwcy5wbGFjZXMudjEuUGxhY2VzLlNlYXJjaE5lYXJieRAAGAQgAA,4.1,"shopping_mall, point_of_interest, establishment"
ChIJe5qyMnkZ2jERYRN7QP_pCMQ,Tiong Bahru Plaza,https://maps.google.com/?cid=14125797513755300705&g_mp=Cilnb29nbGUubWFwcy5wbGFjZXMudjEuUGxhY2VzLlNlYXJjaE5lYXJieRAAGAQgAA,4.2,"shopping_mall, point_of_interest, establishment"
ChIJsXAyLJwZ2jERoLjZ8O1pN8I,Outram Park MRT Station (EW16),https://maps.google.com/?cid=13994770837746071712&g_mp=Cilnb29nbGUubWFwcy5wbGFjZXMudjEuUGxhY2VzLlNlYXJjaE5lYXJieRAAGAQgAA,4.4,"point_of_interest, establishment"
ChIJ0bwmznIZ2jEREOCMNggtIBk,Buddha Tooth Relic Temple,https://maps.google.com/?cid=1810496563501129744&g_mp=Cilnb29nbGUubWFwcy5wbGFjZXMudjEuUGxhY2VzLlNlYXJjaE5lYXJieRAAGAQgAA,4.6,"place_of_worship, point_of_interest, establishment"
ChIJzd9lsXcZ2jERXheJEyUMnpM,Furama RiverFront,https://maps.google.com/?cid=10636952723276765022&g_mp=Cilnb29nbGUubWFwcy5wbGFjZXMudjEuUGxhY2VzLlNlYXJjaE5lYXJieRAAGAQgAA,4.2,"hotel, lodging, point_of_interest, establishment"
ChIJJwg-FJ0Z2jERu90t4MN7JeA,Grand Copthorne Waterfront Hotel Singapore,https://maps.google.com/?cid=16151451719844093371&g_mp=Cilnb29nbGUubWFwcy5wbGFjZXMudjEuUGxhY2VzLlNlYXJjaE5lYXJieRAAGAQgAA,4.3,"hotel, lodging, point_of_interest, establishment"
ChIJOU6y-HkZ2jERchOICIgjl0E,Tiong Bahru Market,https://maps.google.com/?cid=4726285401114284914&g_mp=Cilnb29nbGUubWFwcy5wbGFjZXMudjEuUGxhY2VzLlNlYXJjaE5lYXJieRAAGAQgAA,4.3,"restaurant, food, point_of_interest, establishment"
ChIJAenlH3MZ2jERqjoWXlxEH6w,Chinatown Complex,https://maps.google.com/?cid=12402707062307830442&g_mp=Cilnb29nbGUubWFwcy5wbGFjZXMudjEuUGxhY2VzLlNlYXJjaE5lYXJieRAAGAQgAA,4.2,"restaurant, food, point_of_interest, establishment"
ChIJD61Z2XcZ2jERdnvmimcagTY,Holiday Inn Singapore Atrium by IHG,https://maps.google.com/?cid=3927449382058097526&g_mp=Cilnb29nbGUubWFwcy5wbGFjZXMudjEuUGxhY2VzLlNlYXJjaE5lYXJieRAAGAQgAA,4.3,"hotel, wedding_venue, event_venue, lodging, point_of_interest, establishment"
ChIJh5-QyX4Z2jER6AS12kg9wwM,Tiong Bahru MRT Station (EW17),https://maps.google.com/?cid=271127785688597736&g_mp=Cilnb29nbGUubWFwcy5wbGFjZXMudjEuUGxhY2VzLlNlYXJjaE5lYXJieRAAGAQgAA,4.3,"point_of_interest, establishment"
ChIJUbBZdnMZ2jERwGxmDy7DZg0,People's Park Complex,https://maps.google.com/?cid=965673772711832768&g_mp=Cilnb29nbGUubWFwcy5wbGFjZXMudjEuUGxhY2VzLlNlYXJjaE5lYXJieRAAGAQgAA,4.1,"shopping_mall, point_of_interest, establishment"
ChIJn7pTY18Z2jERlh_8y2_V3xg,Maxwell MRT Station (TE18),https://maps.google.com/?cid=1792385852857130902&g_mp=Cilnb29nbGUubWFwcy5wbGFjZXMudjEuUGxhY2VzLlNlYXJjaE5lYXJieRAAGAQgAA,4.6,"point_of_interest, establishment"
ChIJRwKzawsZ2jERKxpszLl54EU,Hong Lim Market & Food Centre,https://maps.google.com/?cid=5035158222305761835&g_mp=Cilnb29nbGUubWFwcy5wbGFjZXMudjEuUGxhY2VzLlNlYXJjaE5lYXJieRAAGAQgAA,4.3,"tourist_attraction, market, restaurant, food, point_of_interest, establishment"
ChIJ5T8-VXUZ2jERMpGzIj6L2ts,JUMBO Seafood - Riverside Point,https://maps.google.com/?cid=15842127738215567666&g_mp=Cilnb29nbGUubWFwcy5wbGFjZXMudjEuUGxhY2VzLlNlYXJjaE5lYXJieRAAGAQgAA,4.3,"seafood_restaurant, restaurant, food, point_of_interest, establishment"
ChIJsQwdhJ0Z2jERKONZRyuGDOo,"Four Points by Sheraton Singapore, Riverview",https://maps.google.com/?cid=16865002225034453800&g_mp=Cilnb29nbGUubWFwcy5wbGFjZXMudjEuUGxhY2VzLlNlYXJjaE5lYXJieRAAGAQgAA,4.3,"hotel, lodging, point_of_interest, establishment"
ChIJyxSm-m8Z2jER-vEzmg4tshM,SGH Block 5,https://maps.google.com/?cid=1419246373315015162&g_mp=Cilnb29nbGUubWFwcy5wbGFjZXMudjEuUGxhY2VzLlNlYXJjaE5lYXJieRAAGAQgAA,3.8,"health, point_of_interest, establishment"
ChIJ1aJWIZ8Z2jERTCHI96-9fNQ,UE Square,https://maps.google.com/?cid=15311321396626858316&g_mp=Cilnb29nbGUubWFwcy5wbGFjZXMudjEuUGxhY2VzLlNlYXJjaE5lYXJieRAAGAQgAA,3.9,"shopping_mall, point_of_interest, establishment"
ChIJA5LATO4Z2jER111V-v6abAI,Marina Bay Sands Singapore,https://maps.google.com/?cid=174684905472875991&g_mp=Cilnb29nbGUubWFwcy5wbGFjZXMudjEuUGxhY2VzLlNlYXJjaE5lYXJieRAAGAQgAA,4.7,"hotel, tourist_attraction, lodging, restaurant, food, point_of_interest, establishment"
ChIJMxZ-kwQZ2jERdsqftXeWCWI,Gardens by the Bay,https://maps.google.com/?cid=7064342931399756406&g_mp=Cilnb29nbGUubWFwcy5wbGFjZXMudjEuUGxhY2VzLlNlYXJjaE5lYXJieRAAGAQgAA,4.7,"garden, botanical_garden, tourist_attraction, park, point_of_interest, establishment"
ChIJBTYg1g4Z2jERp_MBbu5erWY,Merlion Park,https://maps.google.com/?cid=7398674140980442023&g_mp=Cilnb29nbGUubWFwcy5wbGFjZXMudjEuUGxhY2VzLlNlYXJjaE5lYXJieRAAGAQgAA,4.6,"park, tourist_attraction, point_of_interest, establishment"
ChIJ20X__K4Z2jERRE8GRs-d8HE,Suntec City,https://maps.google.com/?cid=8210235634255023940&g_mp=Cilnb29nbGUubWFwcy5wbGFjZXMudjEuUGxhY2VzLlNlYXJjaE5lYXJieRAAGAQgAA,4.4,"shopping_mall, point_of_interest, establishment"
ChIJ29omWQgZ2jEROEz2yZFzQp8,Merlion,https://maps.google.com/?cid=11475861870489259064&g_mp=Cilnb29nbGUubWFwcy5wbGFjZXMudjEuUGxhY2VzLlNlYXJjaE5lYXJieRAAGAQgAA,4.7,"tourist_attraction, park, point_of_interest, establishment"
ChIJ5QaXI4kZ2jER6yB_aFocFMw,Raffles City,https://maps.google.com/?cid=14705409857897308395&g_mp=Cilnb29nbGUubWFwcy5wbGFjZXMudjEuUGxhY2VzLlNlYXJjaE5lYXJieRAAGAQgAA,4.4,"shopping_mall, point_of_interest, establishment"
ChIJ9UKUtjsZ2jER-VszUURb3LI,Marina Square,https://maps.google.com/?cid=12888276582605741049&g_mp=Cilnb29nbGUubWFwcy5wbGFjZXMudjEuUGxhY2VzLlNlYXJjaE5lYXJieRAAGAQgAA,4.4,"shopping_mall, point_of_interest, establishment"
ChIJFQzeR6cZ2jERgM6--iWeY-U,National Gallery Singapore,https://maps.google.com/?cid=16529228943337639552&g_mp=Cilnb29nbGUubWFwcy5wbGFjZXMudjEuUGxhY2VzLlNlYXJjaE5lYXJieRAAGAQgAA,4.6,"museum, point_of_interest, establishment"
ChIJLVQTqQUZ2jERNSyXbiCto4E,Sands Expo & Convention Centre,https://maps.google.com/?cid=9341500406902500405&g_mp=Cilnb29nbGUubWFwcy5wbGFjZXMudjEuUGxhY2VzLlNlYXJjaE5lYXJieRAAGAQgAA,4.6,"convention_center, event_venue, point_of_interest, establishment"
ChIJ8yvdOK8Z2jERx1TP2rKMPtY,Suntec Singapore Convention & Exhibition Centre,https://maps.google.com/?cid=15437931272475727047&g_mp=Cilnb29nbGUubWFwcy5wbGFjZXMudjEuUGxhY2VzLlNlYXJjaE5lYXJieRAAGAQgAA,4.5,"convention_center, event_venue, point_of_interest, establishment"
ChIJj1FKMw4Z2jERUDz1GxgD08o,MBFC Tower 3,https://maps.google.com/?cid=14615028617830546512&g_mp=Cilnb29nbGUubWFwcy5wbGFjZXMudjEuUGxhY2VzLlNlYXJjaE5lYXJieRAAGAQgAA,4.3,"point_of_interest, establishment"
ChIJnWdQKQQZ2jERScXuKeFHyIE,ArtScience Museum,https://maps.google.com/?cid=9351803658631562569&g_mp=Cilnb29nbGUubWFwcy5wbGFjZXMudjEuUGxhY2VzLlNlYXJjaE5lYXJieRAAGAQgAA,4.4,"museum, tourist_attraction, point_of_interest, establishment"
ChIJ1_0j5XUZ2jERL25RtOKBXo8,Raffles Place MRT Station (NS26/EW14),https://maps.google.com/?cid=10330837405922324015&g_mp=Cilnb29nbGUubWFwcy5wbGFjZXMudjEuUGxhY2VzLlNlYXJjaE5lYXJieRAAGAQgAA,4.5,"point_of_interest, establishment"
ChIJGykJTU4Z2jERZZXRzNiRXLs,Bayfront MRT Station (CE1/DT16),https://maps.google.com/?cid=13500826143285155173&g_mp=Cilnb29nbGUubWFwcy5wbGFjZXMudjEuUGxhY2VzLlNlYXJjaE5lYXJieRAAGAQgAA,4.6,"point_of_interest, establishment"
ChIJzVHFNqkZ2jERboLN2YrltH8,Singapore Flyer,https://maps.google.com/?cid=9202232323147137646&g_mp=Cilnb29nbGUubWFwcy5wbGFjZXMudjEuUGxhY2VzLlNlYXJjaE5lYXJieRAAGAQgAA,4.6,"ferris_wheel, tourist_attraction, point_of_interest, establishment"
ChIJTzCCaz0Z2jERx_S17pyhem8,Marina Bay Sands Casino,https://maps.google.com/?cid=8032910580760573127&g_mp=Cilnb29nbGUubWFwcy5wbGFjZXMudjEuUGxhY2VzLlNlYXJjaE5lYXJieRAAGAQgAA,4.1,"casino, point_of_interest, establishment"
ChIJsRqiaQ4Z2jERf5aRETOqllI,One Raffles Quay,https://maps.google.com/?cid=5951131093931497087&g_mp=Cilnb29nbGUubWFwcy5wbGFjZXMudjEuUGxhY2VzLlNlYXJjaE5lYXJieRAAGAQgAA,4.2,"point_of_interest, establishment"
ChIJ50uIMa0Z2jER0cTt5fLaZt0,Marina Barrage,https://maps.google.com/?cid=15953679466781066449&g_mp=Cilnb29nbGUubWFwcy5wbGFjZXMudjEuUGxhY2VzLlNlYXJjaE5lYXJieRAAGAQgAA,4.6,"picnic_ground, tourist_attraction, point_of_interest, establishment"
ChIJSeUa7KcZ2jERNVg2CvmlVbk,"Esplanade - Theatres on the Bay, Singapore",https://maps.google.com/?cid=13354762759073847349&g_mp=Cilnb29nbGUubWFwcy5wbGFjZXMudjEuUGxhY2VzLlNlYXJjaE5lYXJieRAAGAQgAA,4.6,"performing_arts_theater, tourist_attraction, event_venue, point_of_interest, establishment"
ChIJsQvJ8KgZ2jER9PL5Qty0i9Y,Pan Pacific Singapore,https://maps.google.com/?cid=15459649003988841204&g_mp=Cilnb29nbGUubWFwcy5wbGFjZXMudjEuUGxhY2VzLlNlYXJjaE5lYXJieRAAGAQgAA,4.5,"hotel, lodging, point_of_interest, establishment"
ChIJzbQUz0QY2jERJBlRqnfquUY,Dunman High School,https://maps.google.com/?cid=5096362253025876260&g_mp=Cilnb29nbGUubWFwcy5wbGFjZXMudjEuUGxhY2VzLlNlYXJjaE5lYXJieRAAGAQgAA,,"secondary_school, school, point_of_interest, establishment"
ChIJUblRbI4Z2jERxFFX4oTirxA,Coastal Playgrove,https://maps.google.com/?cid=1202428685892145604&g_mp=Cilnb29nbGUubWFwcy5wbGFjZXMudjEuUGxhY2VzLlNlYXJjaE5lYXJieRAAGAQgAA,4.5,"park, playground, point_of_interest, establishment"
ChIJRQBn6loY2jERjqNd6Z0qL1k,Singapore Swimming Club,https://maps.google.com/?cid=6426402050994447246&g_mp=Cilnb29nbGUubWFwcy5wbGFjZXMudjEuUGxhY2VzLlNlYXJjaE5lYXJieRAAGAQgAA,4.4,"sports_club, point_of_interest, establishment"
ChIJ7caaHQkZ2jERPrIT5IV99i4,Tanjong Katong MRT Station (TE25),https://maps.google.com/?cid=3384030184026124862&g_mp=Cilnb29nbGUubWFwcy5wbGFjZXMudjEuUGxhY2VzLlNlYXJjaE5lYXJieRAAGAQgAA,4.5,"point_of_interest, establishment"
ChIJJ3nM0UYY2jERXLcI-qydyZ0,Goodman Arts Centre,https://maps.google.com/?cid=11369792100528338780&g_mp=Cilnb29nbGUubWFwcy5wbGFjZXMudjEuUGxhY2VzLlNlYXJjaE5lYXJieRAAGAQgAA,4.3,"tourist_attraction, point_of_interest, establishment"
ChIJC0Ii9aUZ2jERVsEzsKY3a9Y,Katong Park MRT Station (TE24),https://maps.google.com/?cid=15450504135684899158&g_mp=Cilnb29nbGUubWFwcy5wbGFjZXMudjEuUGxhY2VzLlNlYXJjaE5lYXJieRAAGAQgAA,4.6,"point_of_interest, establishment"
ChIJQViLFVsY2jERw02ejY0jumg,The Waterside,https://maps.google.com/?cid=7546383216486010307&g_mp=Cilnb29nbGUubWFwcy5wbGFjZXMudjEuUGxhY2VzLlNlYXJjaE5lYXJieRAAGAQgAA,4.4,"condominium_complex, point_of_interest, establishment"
ChIJPVPEOGYY2jERpKMMoeSWcWY,The Makena,https://maps.google.com/?cid=7381847172935623588&g_mp=Cilnb29nbGUubWFwcy5wbGFjZXMudjEuUGxhY2VzLlNlYXJjaE5lYXJieRAAGAQgAA,4.2,"condominium_complex, point_of_interest, establishment"
ChIJNxPQqCIZ2jERG6ecy5NCb2U,East Coast Park Car Park B1,https://maps.google.com/?cid=7309133922789271323&g_mp=Cilnb29nbGUubWFwcy5wbGFjZXMudjEuUGxhY2VzLlNlYXJjaE5lYXJieRAAGAQgAA,4.4,"parking, point_of_interest, establishment"
ChIJi7zAg0QY2jERP4i_AXsUxkQ,One Fort,https://maps.google.com/?cid=4955670958510671935&g_mp=Cilnb29nbGUubWFwcy5wbGFjZXMudjEuUGxhY2VzLlNlYXJjaE5lYXJieRAAGAQgAA,4.5,"condominium_complex, point_of_interest, establishment"
ChIJ2efJS1wY2jERijwEp9HSW4I,Bike Stop @East Coast Park Area B (Coastline Leisure),https://maps.google.com/?cid=9393333245703371914&g_mp=Cilnb29nbGUubWFwcy5wbGFjZXMudjEuUGxhY2VzLlNlYXJjaE5lYXJieRAAGAQgAA,4,"point_of_interest, establishment"
ChIJo0ilEiIZ2jERixa9wWMLNzU,Meyer Mansion,https://maps.google.com/?cid=3834546130809329291&g_mp=Cilnb29nbGUubWFwcy5wbGFjZXMudjEuUGxhY2VzLlNlYXJjaE5lYXJieRAAGAQgAA,4.4,"condominium_complex, point_of_interest, establishment"
ChIJeZ-V6mcY2jER2YLu-L4ETvk,The MeyeRise,https://maps.google.com/?cid=17964301181894165209&g_mp=Cilnb29nbGUubWFwcy5wbGFjZXMudjEuUGxhY2VzLlNlYXJjaE5lYXJieRAAGAQgAA,4.4,"condominium_complex, point_of_interest, establishment"
ChIJ25O5GF0Y2jERyD0KtRuwde0,The Seafront On Meyer,https://maps.google.com/?cid=17110775992312020424&g_mp=Cilnb29nbGUubWFwcy5wbGFjZXMudjEuUGxhY2VzLlNlYXJjaE5lYXJieRAAGAQgAA,4.4,"condominium_complex, point_of_interest, establishment"
ChIJRz8R7kMY2jER-96gfYSOqvw,Katong ActiveSG Swimming Complex,https://maps.google.com/?cid=18206521143293173499&g_mp=Cilnb29nbGUubWFwcy5wbGFjZXMudjEuUGxhY2VzLlNlYXJjaE5lYXJieRAAGAQgAA,4.1,"swimming_pool, sports_activity_location, point_of_interest, establishment"
ChIJNS9iTW8Y2jERzr2o5RJGpv8,Aalto,https://maps.google.com/?cid=18421488372781989326&g_mp=Cilnb29nbGUubWFwcy5wbGFjZXMudjEuUGxhY2VzLlNlYXJjaE5lYXJieRAAGAQgAA,4.4,"condominium_complex, point_of_interest, establishment"
ChIJmaL1jVsY2jERMjX6o9jEg6k,Fort Road Carpark,https://maps.google.com/?cid=12214823049101980978&g_mp=Cilnb29nbGUubWFwcy5wbGFjZXMudjEuUGxhY2VzLlNlYXJjaE5lYXJieRAAGAQgAA,3.8,"parking, point_of_interest, establishment"
ChIJPY5Zw1wY2jERlKqOVadv-PM,The Belvedere,https://maps.google.com/?cid=17579923909926365844&g_mp=Cilnb29nbGUubWFwcy5wbGFjZXMudjEuUGxhY2VzLlNlYXJjaE5lYXJieRAAGAQgAA,4.3,"condominium_complex, point_of_interest, establishment"
ChIJy88SJVgZ2jERQg2nAEiX6ZA,BLACKGOAT,https://maps.google.com/?cid=10442043546539593026&g_mp=Cilnb29nbGUubWFwcy5wbGFjZXMudjEuUGxhY2VzLlNlYXJjaE5lYXJieRAAGAQgAA,4.5,"hamburger_restaurant, american_restaurant, restaurant, food, point_of_interest, establishment"
ChIJ0QX_Brki2jER-pZKNdqk_a8,East Coast Park,https://maps.google.com/?cid=12681473382849091322&g_mp=Cilnb29nbGUubWFwcy5wbGFjZXMudjEuUGxhY2VzLlNlYXJjaE5lYXJieRAAGAQgAA,4.6,"park, tourist_attraction, point_of_interest, establishment"
ChIJQ3NeR3YY2jERyOYPup1L168,McDonald's Marine Cove,https://maps.google.com/?cid=12670679217433732808&g_mp=Cilnb29nbGUubWFwcy5wbGFjZXMudjEuUGxhY2VzLlNlYXJjaE5lYXJieRAAGAQgAA,4.2,"fast_food_restaurant, restaurant, point_of_interest, food, establishment"
ChIJa-w7QHYY2jERBpmvw73xGFs,Marine Cove,https://maps.google.com/?cid=6564262254226675974&g_mp=Cilnb29nbGUubWFwcy5wbGFjZXMudjEuUGxhY2VzLlNlYXJjaE5lYXJieRAAGAQgAA,4.4,"sports_activity_location, point_of_interest, establishment"
ChIJByd2KZwi2jERmNu1msyWr6w,GoCycling @ East Coast Park C4,https://maps.google.com/?cid=12443330100961074072&g_mp=Cilnb29nbGUubWFwcy5wbGFjZXMudjEuUGxhY2VzLlNlYXJjaE5lYXJieRAAGAQgAA,4.1,"point_of_interest, establishment"
ChIJczapiXAY2jERyMUTyS6JI8w,Parkland Green,https://maps.google.com/?cid=14709751641957189064&g_mp=Cilnb29nbGUubWFwcy5wbGFjZXMudjEuUGxhY2VzLlNlYXJjaE5lYXJieRAAGAQgAA,4.5,"park, tourist_attraction, point_of_interest, establishment"
ChIJpwkngngZ2jERWh7XDFzVAhI,Jypsy Parkland Green,https://maps.google.com/?cid=1297834233965256282&g_mp=Cilnb29nbGUubWFwcy5wbGFjZXMudjEuUGxhY2VzLlNlYXJjaE5lYXJieRAAGAQgAA,4.5,"japanese_restaurant, restaurant, point_of_interest, food, establishment"
ChIJO_QTQHYY2jER5EHRqqo5cfA,The Coffee Bean & Tea Leaf,https://maps.google.com/?cid=17325692646644072932&g_mp=Cilnb29nbGUubWFwcy5wbGFjZXMudjEuUGxhY2VzLlNlYXJjaE5lYXJieRAAGAQgAA,4.3,"cafe, point_of_interest, food, establishment"
ChIJ4ShJI3YY2jERzwtLMJ7hQMg,Marine Cove Playground,https://maps.google.com/?cid=14429781275626376143&g_mp=Cilnb29nbGUubWFwcy5wbGFjZXMudjEuUGxhY2VzLlNlYXJjaE5lYXJieRAAGAQgAA,4.6,"playground, tourist_attraction, point_of_interest, establishment"
ChIJZ2M_wnAY2jERYin8sHprSEo,Starbucks Parkland Green,https://maps.google.com/?cid=5352646331829332322&g_mp=Cilnb29nbGUubWFwcy5wbGFjZXMudjEuUGxhY2VzLlNlYXJjaE5lYXJieRAAGAQgAA,4.2,"cafe, coffee_shop, food_store, store, point_of_interest, food, establishment"
ChIJVwlS_k0Z2jER7Di5t1WgS2s,East Coast Commune,https://maps.google.com/?cid=7731449475326621932&g_mp=Cilnb29nbGUubWFwcy5wbGFjZXMudjEuUGxhY2VzLlNlYXJjaE5lYXJieRAAGAQgAA,4.2,"cafe, event_venue, restaurant, point_of_interest, food, establishment"
ChIJ7-fvFXEY2jERF81XESohPJ0,FairPrice Finest Marine Parade Central,https://maps.google.com/?cid=11329967227120635159&g_mp=Cilnb29nbGUubWFwcy5wbGFjZXMudjEuUGxhY2VzLlNlYXJjaE5lYXJieRAAGAQgAA,4.3,"grocery_store, food_store, store, point_of_interest, food, establishment"
ChIJGVCKbHEY2jERe4sLs53yWvg,Roland Restaurant | The Best Chilli Crab & Popular Chinese Seafood Restaurant (Katong-East Coast),https://maps.google.com/?cid=17895882828437752699&g_mp=Cilnb29nbGUubWFwcy5wbGFjZXMudjEuUGxhY2VzLlNlYXJjaE5lYXJieRAAGAQgAA,4.3,"seafood_restaurant, restaurant, point_of_interest, food, establishment"
ChIJ11egVBgZ2jERxsNsAV4oq54,East Coast Park Area C,https://maps.google.com/?cid=11433276463226078150&g_mp=Cilnb29nbGUubWFwcy5wbGFjZXMudjEuUGxhY2VzLlNlYXJjaE5lYXJieRAAGAQgAA,4.7,"park, point_of_interest, establishment"
ChIJQSh5L70Z2jER6kpGuWbFyCk,Brewerkz East Coast Park,https://maps.google.com/?cid=3010873395882904298&g_mp=Cilnb29nbGUubWFwcy5wbGFjZXMudjEuUGxhY2VzLlNlYXJjaE5lYXJieRAAGAQgAA,4.7,"restaurant, asian_restaurant, liquor_store, bar, american_restaurant, event_venue, store, point_of_interest, food, establishment"
ChIJnxU0wwkZ2jERYn6FCbMY0xU,Pet Master Mega Store by CatSmart,https://maps.google.com/?cid=1572627852120391266&g_mp=Cilnb29nbGUubWFwcy5wbGFjZXMudjEuUGxhY2VzLlNlYXJjaE5lYXJieRAAGAQgAA,4.8,"pet_store, dog_cafe, store, point_of_interest, establishment"
ChIJjW8MfnoY2jERCfgxGJBHjgY,Amber Beacon Tower,https://maps.google.com/?cid=472393695127271433&g_mp=Cilnb29nbGUubWFwcy5wbGFjZXMudjEuUGxhY2VzLlNlYXJjaE5lYXJieRAAGAQgAA,4.3,"observation_deck, point_of_interest, establishment"
ChIJ39KLQnEY2jERUCNPFzGeH2g,Touch Centre,https://maps.google.com/?cid=7502889437904184144&g_mp=Cilnb29nbGUubWFwcy5wbGFjZXMudjEuUGxhY2VzLlNlYXJjaE5lYXJieRAAGAQgAA,4.8,"church, place_of_worship, point_of_interest, establishment"
ChIJa1R3WgAZ2jERsm-y7KowAzo,East Coast Park Car Park C2,https://maps.google.com/?cid=4180238389803642802&g_mp=Cilnb29nbGUubWFwcy5wbGFjZXMudjEuUGxhY2VzLlNlYXJjaE5lYXJieRAAGAQgAA,4.9,"parking, point_of_interest, establishment"
ChIJa9KPzaoZ2jERVgrvBFr_wBQ,East Coast Park BBQ Pit C12,https://maps.google.com/?cid=1495475838381918806&g_mp=Cilnb29nbGUubWFwcy5wbGFjZXMudjEuUGxhY2VzLlNlYXJjaE5lYXJieRAAGAQgAA,4.6,"barbecue_area, point_of_interest, establishment"
ChIJI4QYQEsZ2jERq8jceszoUh8,ARFC East Coast Park,https://maps.google.com/?cid=2257122328198301867&g_mp=Cilnb29nbGUubWFwcy5wbGFjZXMudjEuUGxhY2VzLlNlYXJjaE5lYXJieRAAGAQgAA,4.3,"restaurant, point_of_interest, food, establishment"
ChIJvWDbfRwa2jERgNnTOpAU3-o,Singapore Botanic Gardens,https://maps.google.com/?cid=16924268534376421760&g_mp=Cilnb29nbGUubWFwcy5wbGFjZXMudjEuUGxhY2VzLlNlYXJjaE5lYXJieRAAGAQgAA,4.7,"botanical_garden, tourist_attraction, park, point_of_interest, establishment"
ChIJ7e11tPob2jERasVPYICVQAc,Buona Vista MRT Station (CC22),https://maps.google.com/?cid=522581935379170666&g_mp=Cilnb29nbGUubWFwcy5wbGFjZXMudjEuUGxhY2VzLlNlYXJjaE5lYXJieRAAGAQgAA,4.4,"point_of_interest, establishment"
ChIJWXTRJCAa2jERXNBB0kxTWSU,Gleneagles Hospital,https://maps.google.com/?cid=2691273841740730460&g_mp=Cilnb29nbGUubWFwcy5wbGFjZXMudjEuUGxhY2VzLlNlYXJjaE5lYXJieRAAGAQgAA,3.5,"hospital, health, point_of_interest, establishment"
ChIJK52N1cUR2jERUTiO_ETnynU,One Holland Village,https://maps.google.com/?cid=8487850731214092369&g_mp=Cilnb29nbGUubWFwcy5wbGFjZXMudjEuUGxhY2VzLlNlYXJjaE5lYXJieRAAGAQgAA,4.5,"shopping_mall, point_of_interest, establishment"
ChIJ1yBe2Hsb2jER8wHVEW0wXW0,Holland Village MRT Station (CC21),https://maps.google.com/?cid=7880508167976976883&g_mp=Cilnb29nbGUubWFwcy5wbGFjZXMudjEuUGxhY2VzLlNlYXJjaE5lYXJieRAAGAQgAA,4.6,"point_of_interest, establishment"
ChIJlVLQgy4b2jER0sESh7WlGhs,Botanic Gardens MRT Station (CC19),https://maps.google.com/?cid=1953055587492348370&g_mp=Cilnb29nbGUubWFwcy5wbGFjZXMudjEuUGxhY2VzLlNlYXJjaE5lYXJieRAAGAQgAA,4.6,"point_of_interest, establishment"
ChIJTQn6SEIa2jERQLJKjg8U-D8,The Metropolis,https://maps.google.com/?cid=4609456275658027584&g_mp=Cilnb29nbGUubWFwcy5wbGFjZXMudjEuUGxhY2VzLlNlYXJjaE5lYXJieRAAGAQgAA,4.2,"real_estate_agency, point_of_interest, establishment"
ChIJ-bxk87Ab2jER9DMmMJcZ7xo,Commonwealth MRT Station (EW20),https://maps.google.com/?cid=1940798101558539252&g_mp=Cilnb29nbGUubWFwcy5wbGFjZXMudjEuUGxhY2VzLlNlYXJjaE5lYXJieRAAGAQgAA,4.3,"point_of_interest, establishment"
ChIJr84_RCMa2jERW466IPXbCec,Dempsey Hill,https://maps.google.com/?cid=16648079343414316635&g_mp=Cilnb29nbGUubWFwcy5wbGFjZXMudjEuUGxhY2VzLlNlYXJjaE5lYXJieRAAGAQgAA,4.5,"restaurant, food, point_of_interest, establishment"
ChIJv4Mk4QYa2jERlGncaOIvpW4,Adam Food Centre,https://maps.google.com/?cid=7972831364797720980&g_mp=Cilnb29nbGUubWFwcy5wbGFjZXMudjEuUGxhY2VzLlNlYXJjaE5lYXJieRAAGAQgAA,4.1,"restaurant, food, point_of_interest, establishment"
ChIJX0ZjawAb2jERNrvnhPFXemU,Elementum Parking,https://maps.google.com/?cid=7312253639817935670&g_mp=Cilnb29nbGUubWFwcy5wbGFjZXMudjEuUGxhY2VzLlNlYXJjaE5lYXJieRAAGAQgAA,4,"corporate_office, point_of_interest, establishment"
ChIJ08duKAYa2jER47-5U4ZdgAo,Coronation Shopping Plaza,https://maps.google.com/?cid=756707568909926371&g_mp=Cilnb29nbGUubWFwcy5wbGFjZXMudjEuUGxhY2VzLlNlYXJjaE5lYXJieRAAGAQgAA,3.9,"shopping_mall, point_of_interest, establishment"
ChIJc4rrRyMa2jERC31T5xHBk0o,PS.Cafe Harding Road,https://maps.google.com/?cid=5373851063022746891&g_mp=Cilnb29nbGUubWFwcy5wbGFjZXMudjEuUGxhY2VzLlNlYXJjaE5lYXJieRAAGAQgAA,4.4,"cafe, food, point_of_interest, establishment"
ChIJg1WsVaQb2jERE33zorzUq9g,Tan Kah Kee MRT Station (DT8),https://maps.google.com/?cid=15612806439862762771&g_mp=Cilnb29nbGUubWFwcy5wbGFjZXMudjEuUGxhY2VzLlNlYXJjaE5lYXJieRAAGAQgAA,4.4,"point_of_interest, establishment"
ChIJ4VRnwBsb2jERlSXbl7DOIqM,Napier MRT Station (TE12),https://maps.google.com/?cid=11755185235247703445&g_mp=Cilnb29nbGUubWFwcy5wbGFjZXMudjEuUGxhY2VzLlNlYXJjaE5lYXJieRAAGAQgAA,4.7,"point_of_interest, establishment"
ChIJQZPwo3Ab2jERqobnp1dHMGQ,National Orchid Garden,https://maps.google.com/?cid=7219348644479600298&g_mp=Cilnb29nbGUubWFwcy5wbGFjZXMudjEuUGxhY2VzLlNlYXJjaE5lYXJieRAAGAQgAA,4.8,"garden, park, point_of_interest, establishment"
ChIJsQvqY0Ia2jER_QrezH_adnY,Buona Vista,https://maps.google.com/?cid=8536250386160159485&g_mp=Cilnb29nbGUubWFwcy5wbGFjZXMudjEuUGxhY2VzLlNlYXJjaE5lYXJieRAAGAQgAA,4,"subway_station, transit_station, point_of_interest, establishment"
ChIJbY_Puwka2jERLeaVt3kXb9M,Hwa Chong Institution (College Section),https://maps.google.com/?cid=15235421875956213293&g_mp=Cilnb29nbGUubWFwcy5wbGFjZXMudjEuUGxhY2VzLlNlYXJjaE5lYXJieRAAGAQgAA,4.4,"university, point_of_interest, establishment"
ChIJw6y2Nnwb2jERMKYEFs5HqS8,Farrer Road MRT Station (CC20),https://maps.google.com/?cid=3434355141304952368&g_mp=Cilnb29nbGUubWFwcy5wbGFjZXMudjEuUGxhY2VzLlNlYXJjaE5lYXJieRAAGAQgAA,4.5,"point_of_interest, establishment"
ChIJu6qq6Y0Z2jERZQZRLwnba5k,ION Orchard,https://maps.google.com/?cid=11055170542806042213&g_mp=Cilnb29nbGUubWFwcy5wbGFjZXMudjEuUGxhY2VzLlNlYXJjaE5lYXJieRAAGAQgAA,4.5,"shopping_mall, point_of_interest, establishment"
ChIJg6KI8ZEZ2jER9W7OwvUXPRs,Takashimaya Shopping Centre,https://maps.google.com/?cid=1962751356906139381&g_mp=Cilnb29nbGUubWFwcy5wbGFjZXMudjEuUGxhY2VzLlNlYXJjaE5lYXJieRAAGAQgAA,4.5,"shopping_mall, point_of_interest, establishment"
ChIJl_sOMpIZ2jERKgmuCf4FCs0,Paragon Shopping Centre,https://maps.google.com/?cid=14774628116184566058&g_mp=Cilnb29nbGUubWFwcy5wbGFjZXMudjEuUGxhY2VzLlNlYXJjaE5lYXJieRAAGAQgAA,4.4,"shopping_mall, point_of_interest, establishment"
ChIJ6xFibZIZ2jERlMTu3Bo6a9c,Lucky Plaza,https://maps.google.com/?cid=15522564427712742548&g_mp=Cilnb29nbGUubWFwcy5wbGFjZXMudjEuUGxhY2VzLlNlYXJjaE5lYXJieRAAGAQgAA,4.1,"shopping_mall, point_of_interest, establishment"
ChIJe4wL_OsZ2jERySoDk6jlhNQ,Newton Food Centre,https://maps.google.com/?cid=15313617145150253769&g_mp=Cilnb29nbGUubWFwcy5wbGFjZXMudjEuUGxhY2VzLlNlYXJjaE5lYXJieRAAGAQgAA,4.2,"food_court, restaurant, food, point_of_interest, establishment"
ChIJPZTUpZIZ2jERk5GUzK_g9_0,Far East Plaza,https://maps.google.com/?cid=18300342656499487123&g_mp=Cilnb29nbGUubWFwcy5wbGFjZXMudjEuUGxhY2VzLlNlYXJjaE5lYXJieRAAGAQgAA,4,"shopping_mall, point_of_interest, establishment"
ChIJvaGih7cZ2jER1Ey82VmzFWY,Orchard mrt,https://maps.google.com/?cid=7355982764866030804&g_mp=Cilnb29nbGUubWFwcy5wbGFjZXMudjEuUGxhY2VzLlNlYXJjaE5lYXJieRAAGAQgAA,4.5,"point_of_interest, establishment"
ChIJBxjqcBsZ2jERIrw1JbXLHsM,Novena MRT Station (NS20),https://maps.google.com/?cid=14059899065571064866&g_mp=Cilnb29nbGUubWFwcy5wbGFjZXMudjEuUGxhY2VzLlNlYXJjaE5lYXJieRAAGAQgAA,4.4,"point_of_interest, establishment"
ChIJXU9FcvQZ2jERiz8HeaqV70E,Shangri-La Singapore,https://maps.google.com/?cid=4751180691306659723&g_mp=Cilnb29nbGUubWFwcy5wbGFjZXMudjEuUGxhY2VzLlNlYXJjaE5lYXJieRAAGAQgAA,4.6,"hotel, lodging, point_of_interest, establishment"
ChIJRX3v4ecZ2jERD0BlqjhXKCc,United Square Shopping Mall,https://maps.google.com/?cid=2821601067436163087&g_mp=Cilnb29nbGUubWFwcy5wbGFjZXMudjEuUGxhY2VzLlNlYXJjaE5lYXJieRAAGAQgAA,4.1,"shopping_mall, point_of_interest, establishment"
ChIJVVVVcOcZ2jERuHgJL1B5Aj4,Velocity @ Novena Square,https://maps.google.com/?cid=4468267165598447800&g_mp=Cilnb29nbGUubWFwcy5wbGFjZXMudjEuUGxhY2VzLlNlYXJjaE5lYXJieRAAGAQgAA,4.1,"shopping_mall, point_of_interest, establishment"
ChIJB0Zz1ZMZ2jERimYnkTZmS-k,Apple Orchard Road,https://maps.google.com/?cid=16810642418640053898&g_mp=Cilnb29nbGUubWFwcy5wbGFjZXMudjEuUGxhY2VzLlNlYXJjaE5lYXJieRAAGAQgAA,4.3,"electronics_store, store, point_of_interest, establishment"
ChIJdeB0FI0Z2jERfMMx7jtAfsg,YOTEL Singapore Orchard Road,https://maps.google.com/?cid=14447055280794616700&g_mp=Cilnb29nbGUubWFwcy5wbGFjZXMudjEuUGxhY2VzLlNlYXJjaE5lYXJieRAAGAQgAA,4.3,"hotel, lodging, point_of_interest, establishment"
ChIJ-ZtvtowZ2jER4uzcVTpI2S0,Orchard Hotel Singapore,https://maps.google.com/?cid=3303751217038814434&g_mp=Cilnb29nbGUubWFwcy5wbGFjZXMudjEuUGxhY2VzLlNlYXJjaE5lYXJieRAAGAQgAA,4.2,"hotel, lodging, point_of_interest, establishment"
ChIJU2DzfLcZ2jER4WGAnEnqNFw,Hilton Singapore Orchard,https://maps.google.com/?cid=6644192952157495777&g_mp=Cilnb29nbGUubWFwcy5wbGFjZXMudjEuUGxhY2VzLlNlYXJjaE5lYXJieRAAGAQgAA,4.5,"hotel, banquet_hall, wedding_venue, event_venue, lodging, point_of_interest, establishment"
ChIJ_7pt85EZ2jERPfKpmuwrzys,Ngee Ann City,https://maps.google.com/?cid=3156790159017112125&g_mp=Cilnb29nbGUubWFwcy5wbGFjZXMudjEuUGxhY2VzLlNlYXJjaE5lYXJieRAAGAQgAA,4.4,"shopping_mall, point_of_interest, establishment"
ChIJSZHC-I0Z2jERm8BlwXqhcfc,Wisma Atria,https://maps.google.com/?cid=17830209948339257499&g_mp=Cilnb29nbGUubWFwcy5wbGFjZXMudjEuUGxhY2VzLlNlYXJjaE5lYXJieRAAGAQgAA,4.3,"shopping_mall, point_of_interest, establishment"
ChIJc25YLvQZ2jERs2ymuBdkbi8,Newton MRT Station (NS21),https://maps.google.com/?cid=3417779220265725107&g_mp=Cilnb29nbGUubWFwcy5wbGFjZXMudjEuUGxhY2VzLlNlYXJjaE5lYXJieRAAGAQgAA,4.3,"point_of_interest, establishment"
ChIJmbzds40Z2jERALKuryaSSVI,Wheelock Place,https://maps.google.com/?cid=5929431079263842816&g_mp=Cilnb29nbGUubWFwcy5wbGFjZXMudjEuUGxhY2VzLlNlYXJjaE5lYXJieRAAGAQgAA,4.2,"shopping_mall, point_of_interest, establishment"
ChIJnUpJWpIZ2jERhpsQCRE_2-M,Mount Elizabeth Hospital,https://maps.google.com/?cid=16418786208908352390&g_mp=Cilnb29nbGUubWFwcy5wbGFjZXMudjEuUGxhY2VzLlNlYXJjaE5lYXJieRAAGAQgAA,3.6,"hospital, health, point_of_interest, establishment"
ChIJo7SpNMYZ2jER15JNmTE6Ne0,Mustafa Centre,https://maps.google.com/?cid=17092631945454392023&g_mp=Cilnb29nbGUubWFwcy5wbGFjZXMudjEuUGxhY2VzLlNlYXJjaE5lYXJieRAAGAQgAA,4.4,"department_store, grocery_store, food_store, store, food, point_of_interest, establishment"
ChIJZ1omp8gZ2jERgDUAb_hBKLY,City Square Mall,https://maps.google.com/?cid=13125813649241290112&g_mp=Cilnb29nbGUubWFwcy5wbGFjZXMudjEuUGxhY2VzLlNlYXJjaE5lYXJieRAAGAQgAA,4.3,"shopping_mall, point_of_interest, establishment"
ChIJYakjWbYZ2jERgSiDZRBS8OY,Hotel Boss,https://maps.google.com/?cid=16640890853510031489&g_mp=Cilnb29nbGUubWFwcy5wbGFjZXMudjEuUGxhY2VzLlNlYXJjaE5lYXJieRAAGAQgAA,3.9,"hotel, lodging, point_of_interest, establishment"
ChIJb6xq2bAZ2jERE1P6sVKtofw,Sultan Mosque,https://maps.google.com/?cid=18204021739493151507&g_mp=Cilnb29nbGUubWFwcy5wbGFjZXMudjEuUGxhY2VzLlNlYXJjaE5lYXJieRAAGAQgAA,4.7,"mosque, tourist_attraction, place_of_worship, point_of_interest, establishment"
ChIJFx0yu8sZ2jERgoVtEwS7Igs,Aperia Mall,https://maps.google.com/?cid=802409309805577602&g_mp=Cilnb29nbGUubWFwcy5wbGFjZXMudjEuUGxhY2VzLlNlYXJjaE5lYXJieRAAGAQgAA,3.9,"shopping_mall, point_of_interest, establishment"
ChIJm34e8bUZ2jERrWo7aOBwxhk,Lavender MRT Station (EW11),https://maps.google.com/?cid=1857296005460617901&g_mp=Cilnb29nbGUubWFwcy5wbGFjZXMudjEuUGxhY2VzLlNlYXJjaE5lYXJieRAAGAQgAA,4.4,"point_of_interest, establishment"
ChIJm18xEMYZ2jER-3GTUW917eI,Farrer Park MRT Station (NE8),https://maps.google.com/?cid=16351854943022576123&g_mp=Cilnb29nbGUubWFwcy5wbGFjZXMudjEuUGxhY2VzLlNlYXJjaE5lYXJieRAAGAQgAA,4.5,"point_of_interest, establishment"
ChIJz0FeB8oZ2jERtmcw4-LitcE,V Hotel Lavender,https://maps.google.com/?cid=13958312084206806966&g_mp=Cilnb29nbGUubWFwcy5wbGFjZXMudjEuUGxhY2VzLlNlYXJjaE5lYXJieRAAGAQgAA,4,"hotel, lodging, point_of_interest, establishment"
ChIJkdvt4_MZ2jERqjBoc1iI-Ao,Boon Keng MRT Station (NE9),https://maps.google.com/?cid=790531648078229674&g_mp=Cilnb29nbGUubWFwcy5wbGFjZXMudjEuUGxhY2VzLlNlYXJjaE5lYXJieRAAGAQgAA,4.4,"point_of_interest, establishment"
ChIJM-4d4bUZ2jEReqCBDPuE7Dk,Immigration & Checkpoints Authority,https://maps.google.com/?cid=4173857168447086714&g_mp=Cilnb29nbGUubWFwcy5wbGFjZXMudjEuUGxhY2VzLlNlYXJjaE5lYXJieRAAGAQgAA,3.2,"government_office, point_of_interest, establishment"
ChIJsx29uk8Z2jERmPP-HR07M9U,Kallang MRT Station (EW10),https://maps.google.com/?cid=15362687750134231960&g_mp=Cilnb29nbGUubWFwcy5wbGFjZXMudjEuUGxhY2VzLlNlYXJjaE5lYXJieRAAGAQgAA,4.5,"point_of_interest, establishment"
ChIJbbdIO4IZ2jERNy8PieRUlHE,Golden Mile Tower,https://maps.google.com/?cid=8184259763367784247&g_mp=Cilnb29nbGUubWFwcy5wbGFjZXMudjEuUGxhY2VzLlNlYXJjaE5lYXJieRAAGAQgAA,4,"point_of_interest, establishment"
ChIJNe7nS4wZ2jERTENjs6ooytA,Queen Street Bus Terminal,https://maps.google.com/?cid=15044882218803741516&g_mp=Cilnb29nbGUubWFwcy5wbGFjZXMudjEuUGxhY2VzLlNlYXJjaE5lYXJieRAAGAQgAA,4,"point_of_interest, establishment"
ChIJv1DkBMgZ2jERft-n2ibNvh0,Swee Choon Jalan Besar,https://maps.google.com/?cid=2143376039435820926&g_mp=Cilnb29nbGUubWFwcy5wbGFjZXMudjEuUGxhY2VzLlNlYXJjaE5lYXJieRAAGAQgAA,4.3,"chinese_restaurant, restaurant, food, point_of_interest, establishment"
ChIJ4zGrNTwZ2jERcOxceybD18I,Jalan Besar MRT Station (DT22),https://maps.google.com/?cid=14039904933396671600&g_mp=Cilnb29nbGUubWFwcy5wbGFjZXMudjEuUGxhY2VzLlNlYXJjaE5lYXJieRAAGAQgAA,4.5,"point_of_interest, establishment"
ChIJb3_Pd8YZ2jERWXf9j7TwHsI,One Farrer Hotel,https://maps.google.com/?cid=13987882150959871833&g_mp=Cilnb29nbGUubWFwcy5wbGFjZXMudjEuUGxhY2VzLlNlYXJjaE5lYXJieRAAGAQgAA,4.5,"hotel, lodging, point_of_interest, establishment"
ChIJE6mq47MZ2jER_HX8IQ9k_dI,City Gate,https://maps.google.com/?cid=15203417933230142972&g_mp=Cilnb29nbGUubWFwcy5wbGFjZXMudjEuUGxhY2VzLlNlYXJjaE5lYXJieRAAGAQgAA,4,"shopping_mall, point_of_interest, establishment"
ChIJLz6McmAZ2jEReSQtaMEmquU,Novotel Singapore on Kitchener,https://maps.google.com/?cid=16549082392844641401&g_mp=Cilnb29nbGUubWFwcy5wbGFjZXMudjEuUGxhY2VzLlNlYXJjaE5lYXJieRAAGAQgAA,4.2,"hotel, lodging, point_of_interest, establishment"
ChIJcyN1v7AZ2jERboX4csnNjeY,Village Hotel Bugis,https://maps.google.com/?cid=16613160865540638062&g_mp=Cilnb29nbGUubWFwcy5wbGFjZXMudjEuUGxhY2VzLlNlYXJjaE5lYXJieRAAGAQgAA,4.1,"hotel, lodging, point_of_interest, establishment"
ChIJ8zLPY8cZ2jEROE-GeGiS7GQ,Sri Veeramakaliamman Temple,https://maps.google.com/?cid=7272348475692830520&g_mp=Cilnb29nbGUubWFwcy5wbGFjZXMudjEuUGxhY2VzLlNlYXJjaE5lYXJieRAAGAQgAA,4.6,"hindu_temple, tourist_attraction, place_of_worship, point_of_interest, establishment"
ChIJU8zODXwZ2jERNsDnX0rcqpQ,PLQ Mall,https://maps.google.com/?cid=10712616875648860214&g_mp=Cilnb29nbGUubWFwcy5wbGFjZXMudjEuUGxhY2VzLlNlYXJjaE5lYXJieRAAGAQgAA,4.4,"shopping_mall, point_of_interest, establishment"
ChIJn9toHfIZ2jERUP7cso2BKYs,Paya Lebar MRT Station (EW8),https://maps.google.com/?cid=10027688490908319312&g_mp=Cilnb29nbGUubWFwcy5wbGFjZXMudjEuUGxhY2VzLlNlYXJjaE5lYXJieRAAGAQgAA,4.5,"point_of_interest, establishment"
ChIJ_SPrMTsY2jER_LeXO03QXgs,Aljunied MRT Station (EW9),https://maps.google.com/?cid=819321212358866940&g_mp=Cilnb29nbGUubWFwcy5wbGFjZXMudjEuUGxhY2VzLlNlYXJjaE5lYXJieRAAGAQgAA,4.4,"point_of_interest, establishment"
ChIJWzTvXEcY2jERvSzB8XNKKCk,Old Airport Road Food Centre,https://maps.google.com/?cid=2965702216461135037&g_mp=Cilnb29nbGUubWFwcy5wbGFjZXMudjEuUGxhY2VzLlNlYXJjaE5lYXJieRAAGAQgAA,4.3,"bakery, food_store, store, restaurant, food, point_of_interest, establishment"
ChIJYQPdBBcY2jERfCgwBWK0mp0,KINEX,https://maps.google.com/?cid=11356587743454963836&g_mp=Cilnb29nbGUubWFwcy5wbGFjZXMudjEuUGxhY2VzLlNlYXJjaE5lYXJieRAAGAQgAA,4,"shopping_mall, point_of_interest, establishment"
ChIJ34RyshcY2jERneNcLqsPK3o,City Plaza,https://maps.google.com/?cid=8803147124517430173&g_mp=Cilnb29nbGUubWFwcy5wbGFjZXMudjEuUGxhY2VzLlNlYXJjaE5lYXJieRAAGAQgAA,4,"shopping_mall, point_of_interest, establishment"
ChIJr36MxgkZ2jER7U1scqQWtGY,Dakota MRT Station (CC8),https://maps.google.com/?cid=7400564983226715629&g_mp=Cilnb29nbGUubWFwcy5wbGFjZXMudjEuUGxhY2VzLlNlYXJjaE5lYXJieRAAGAQgAA,4.3,"point_of_interest, establishment"
ChIJU-xrGhgY2jERLX7VN6dXpsA,Paya Lebar,https://maps.google.com/?cid=13881879277124025901&g_mp=Cilnb29nbGUubWFwcy5wbGFjZXMudjEuUGxhY2VzLlNlYXJjaE5lYXJieRAAGAQgAA,4.1,"subway_station, transit_station, point_of_interest, establishment"
ChIJO7BsLzsY2jER-OVKkQKKm64,Aljunied,https://maps.google.com/?cid=12581801727621785080&g_mp=Cilnb29nbGUubWFwcy5wbGFjZXMudjEuUGxhY2VzLlNlYXJjaE5lYXJieRAAGAQgAA,4.2,"subway_station, transit_station, point_of_interest, establishment"
ChIJocxFh44Z2jERWCEx6brwnsQ,Paya Lebar Quarter - PLQ 3,https://maps.google.com/?cid=14168026163321053528&g_mp=Cilnb29nbGUubWFwcy5wbGFjZXMudjEuUGxhY2VzLlNlYXJjaE5lYXJieRAAGAQgAA,4.3,"corporate_office, point_of_interest, establishment"
ChIJz46D4yIY2jERT2ClyKkbF2U,Sri Sivan Temple,https://maps.google.com/?cid=7284321338324770895&g_mp=Cilnb29nbGUubWFwcy5wbGFjZXMudjEuUGxhY2VzLlNlYXJjaE5lYXJieRAAGAQgAA,4.7,"hindu_temple, tourist_attraction, place_of_worship, point_of_interest, establishment"
ChIJQyTTUCMY2jERunI_GcAyOug,Geylang East Public Library,https://maps.google.com/?cid=16733743166087197370&g_mp=Cilnb29nbGUubWFwcy5wbGFjZXMudjEuUGxhY2VzLlNlYXJjaE5lYXJieRAAGAQgAA,4.3,"library, point_of_interest, establishment"
ChIJLQ-16_4Z2jERFj2nuT9QXas,J.B. Ah Meng Restaurant,https://maps.google.com/?cid=12348113987947674902&g_mp=Cilnb29nbGUubWFwcy5wbGFjZXMudjEuUGxhY2VzLlNlYXJjaE5lYXJieRAAGAQgAA,4.2,"chinese_restaurant, seafood_restaurant, restaurant, food, point_of_interest, establishment"
ChIJW211-dMZ2jERrG_ZNITnp5s,Paya Lebar Quarter - PLQ 2,https://maps.google.com/?cid=11216187951997874092&g_mp=Cilnb29nbGUubWFwcy5wbGFjZXMudjEuUGxhY2VzLlNlYXJjaE5lYXJieRAAGAQgAA,4.3,"corporate_office, point_of_interest, establishment"
ChIJ8wiVCRgY2jERR9I7PKy117Y,Geylang Polyclinic,https://maps.google.com/?cid=13175198986245231175&g_mp=Cilnb29nbGUubWFwcy5wbGFjZXMudjEuUGxhY2VzLlNlYXJjaE5lYXJieRAAGAQgAA,3.3,"health, point_of_interest, establishment"
ChIJBe1nR0QEBBARewvYudV7Yww,Grandlink Square,https://maps.google.com/?cid=892693309025684347&g_mp=Cilnb29nbGUubWFwcy5wbGFjZXMudjEuUGxhY2VzLlNlYXJjaE5lYXJieRAAGAQgAA,3.7,"shopping_mall, point_of_interest, establishment"
ChIJvTyrzTsY2jERoMU50NeYx7k,No Signboard Seafood At Geylang,https://maps.google.com/?cid=13386836470060926368&g_mp=Cilnb29nbGUubWFwcy5wbGFjZXMudjEuUGxhY2VzLlNlYXJjaE5lYXJieRAAGAQgAA,4.2,"seafood_restaurant, chinese_restaurant, restaurant, food, point_of_interest, establishment"
ChIJx9jHrD0Y2jERm8A6Fu1kKgc,Durian 36,https://maps.google.com/?cid=516336076730319003&g_mp=Cilnb29nbGUubWFwcy5wbGFjZXMudjEuUGxhY2VzLlNlYXJjaE5lYXJieRAAGAQgAA,4.2,"food_store, store, food, point_of_interest, establishment"
ChIJrdUaZEAY2jERUmizf054LQY,Waterbank at Dakota,https://maps.google.com/?cid=445144216724793426&g_mp=Cilnb29nbGUubWFwcy5wbGFjZXMudjEuUGxhY2VzLlNlYXJjaE5lYXJieRAAGAQgAA,4.2,"condominium_complex, point_of_interest, establishment"
ChIJZeUMXQAZ2jERJlPsHB4fyNA,KFF Badminton Arena,https://maps.google.com/?cid=15044308769425871654&g_mp=Cilnb29nbGUubWFwcy5wbGFjZXMudjEuUGxhY2VzLlNlYXJjaE5lYXJieRAAGAQgAA,4.5,"arena, event_venue, point_of_interest, establishment"
ChIJ2WUXmnEY2jERoGOSkJVgnrY,Parkway Parade,https://maps.google.com/?cid=13159061356715074464&g_mp=Cilnb29nbGUubWFwcy5wbGFjZXMudjEuUGxhY2VzLlNlYXJjaE5lYXJieRAAGAQgAA,4.3,"shopping_mall, point_of_interest, establishment"
ChIJjRyU93IY2jERVeVw3ZFo-is,i12 Katong,https://maps.google.com/?cid=3168960263503275349&g_mp=Cilnb29nbGUubWFwcy5wbGFjZXMudjEuUGxhY2VzLlNlYXJjaE5lYXJieRAAGAQgAA,4,"shopping_mall, point_of_interest, establishment"
ChIJ9RI97esZ2jER4IlsLkJ8EHc,Eunos MRT Station (EW7),https://maps.google.com/?cid=8579493913829345760&g_mp=Cilnb29nbGUubWFwcy5wbGFjZXMudjEuUGxhY2VzLlNlYXJjaE5lYXJieRAAGAQgAA,4.3,"point_of_interest, establishment"
ChIJMUyhcAAZ2jERdWktil9Uhy4,Marine Parade MRT Station (TE26),https://maps.google.com/?cid=3352741216917481845&g_mp=Cilnb29nbGUubWFwcy5wbGFjZXMudjEuUGxhY2VzLlNlYXJjaE5lYXJieRAAGAQgAA,4.6,"point_of_interest, establishment"
ChIJWZ9zphwZ2jERy7aV1a3TZP8,Kembangan MRT Station (EW6),https://maps.google.com/?cid=18403066720908850891&g_mp=Cilnb29nbGUubWFwcy5wbGFjZXMudjEuUGxhY2VzLlNlYXJjaE5lYXJieRAAGAQgAA,4.4,"point_of_interest, establishment"
ChIJ37CzvJ4Z2jERYklcmCHmMUc,Decathlon - Bedok,https://maps.google.com/?cid=5130134482516199778&g_mp=Cilnb29nbGUubWFwcy5wbGFjZXMudjEuUGxhY2VzLlNlYXJjaE5lYXJieRAAGAQgAA,4.7,"sporting_goods_store, bicycle_store, clothing_store, store, point_of_interest, establishment"
ChIJuXIJwG0Y2jERSMkMTyIynBQ,Katong Shopping Centre,https://maps.google.com/?cid=1485117100061935944&g_mp=Cilnb29nbGUubWFwcy5wbGFjZXMudjEuUGxhY2VzLlNlYXJjaE5lYXJieRAAGAQgAA,3.7,"shopping_mall, point_of_interest, establishment"
ChIJhe37fXIY2jERBpZdIxltdm0,Grand Mercure Singapore Roxy,https://maps.google.com/?cid=7887611752120948230&g_mp=Cilnb29nbGUubWFwcy5wbGFjZXMudjEuUGxhY2VzLlNlYXJjaE5lYXJieRAAGAQgAA,4.3,"hotel, lodging, point_of_interest, establishment"
ChIJ9YySoRAY2jERp62zayDnKuM,Geylang Serai Market and Food Centre,https://maps.google.com/?cid=16369149922063396263&g_mp=Cilnb29nbGUubWFwcy5wbGFjZXMudjEuUGxhY2VzLlNlYXJjaE5lYXJieRAAGAQgAA,4.3,"market, restaurant, food, point_of_interest, establishment"
ChIJI15ai3IY2jERz1uP87oWUKg,Holiday Inn Express Singapore Katong by IHG,https://maps.google.com/?cid=12128218788714732495&g_mp=Cilnb29nbGUubWFwcy5wbGFjZXMudjEuUGxhY2VzLlNlYXJjaE5lYXJieRAAGAQgAA,4.3,"hotel, event_venue, lodging, point_of_interest, establishment"
ChIJhYVqYZYi2jER9ddB0NENqJs,JUMBO Seafood - East Coast,https://maps.google.com/?cid=11216230066759522293&g_mp=Cilnb29nbGUubWFwcy5wbGFjZXMudjEuUGxhY2VzLlNlYXJjaE5lYXJieRAAGAQgAA,4.2,"seafood_restaurant, restaurant, food, point_of_interest, establishment"
ChIJlULslBAY2jERh1cJ-h8qH5Y,Joo Chiat Complex,https://maps.google.com/?cid=10817411146794489735&g_mp=Cilnb29nbGUubWFwcy5wbGFjZXMudjEuUGxhY2VzLlNlYXJjaE5lYXJieRAAGAQgAA,4.2,"shopping_mall, point_of_interest, establishment"
ChIJUbVrXzgZ2jERnFh_LMIzMho,Parc Esta,https://maps.google.com/?cid=1887628102884874396&g_mp=Cilnb29nbGUubWFwcy5wbGFjZXMudjEuUGxhY2VzLlNlYXJjaE5lYXJieRAAGAQgAA,4.5,"condominium_complex, housing_complex, point_of_interest, establishment"
ChIJEdOXOg8Y2jERcyuHlOlWbfY,Parkway East Hospital,https://maps.google.com/?cid=17756944467010988915&g_mp=Cilnb29nbGUubWFwcy5wbGFjZXMudjEuUGxhY2VzLlNlYXJjaE5lYXJieRAAGAQgAA,3.3,"hospital, health, point_of_interest, establishment"
ChIJ64eWvKIi2jERqjmB7_qOOhQ,Mandarin Gardens,https://maps.google.com/?cid=1457634637818968490&g_mp=Cilnb29nbGUubWFwcy5wbGFjZXMudjEuUGxhY2VzLlNlYXJjaE5lYXJieRAAGAQgAA,4.3,"condominium_complex, apartment_complex, point_of_interest, establishment"
ChIJF_09TJ8i2jERuSvA4AMZtEQ,Victoria Junior College,https://maps.google.com/?cid=4950609394833304505&g_mp=Cilnb29nbGUubWFwcy5wbGFjZXMudjEuUGxhY2VzLlNlYXJjaE5lYXJieRAAGAQgAA,4.4,"university, school, point_of_interest, establishment"
ChIJw7KGjXEY2jER0am68tliua4,Village Hotel Katong,https://maps.google.com/?cid=12590202921510676945&g_mp=Cilnb29nbGUubWFwcy5wbGFjZXMudjEuUGxhY2VzLlNlYXJjaE5lYXJieRAAGAQgAA,4.3,"hotel, lodging, point_of_interest, establishment"
ChIJaxp43lUR2jER99f_hfP1Av8,Sixth Avenue MRT Station (DT7),https://maps.google.com/?cid=18375519855899039735&g_mp=Cilnb29nbGUubWFwcy5wbGFjZXMudjEuUGxhY2VzLlNlYXJjaE5lYXJieRAAGAQgAA,4.6,"point_of_interest, establishment"
ChIJkdwXaaEQ2jERWUng9MnBNG4,Nanyang Girls' High School,https://maps.google.com/?cid=7941185116101953881&g_mp=Cilnb29nbGUubWFwcy5wbGFjZXMudjEuUGxhY2VzLlNlYXJjaE5lYXJieRAAGAQgAA,,"school, point_of_interest, establishment"
ChIJ61lTU6EQ2jERiBDECMxHYFY,National Junior College,https://maps.google.com/?cid=6224053626671992968&g_mp=Cilnb29nbGUubWFwcy5wbGFjZXMudjEuUGxhY2VzLlNlYXJjaE5lYXJieRAAGAQgAA,4.5,"university, school, point_of_interest, establishment"
ChIJ3ek_uDgb2jERH_bUmFEJ6uQ,Sinopec Bukit Timah,https://maps.google.com/?cid=16495006831258957343&g_mp=Cilnb29nbGUubWFwcy5wbGFjZXMudjEuUGxhY2VzLlNlYXJjaE5lYXJieRAAGAQgAA,4.2,"gas_station, point_of_interest, establishment"
ChIJ2QdCQegb2jERpeuye8JoFDw,Keppel Club,https://maps.google.com/?cid=4329200326318156709&g_mp=Cilnb29nbGUubWFwcy5wbGFjZXMudjEuUGxhY2VzLlNlYXJjaE5lYXJieRAAGAQgAA,4.4,"tourist_attraction, golf_course, athletic_field, sports_club, sports_activity_location, restaurant, food, point_of_interest, establishment"
ChIJsdsas2ER2jERStdWxVuqeWU,Fourth Avenue Residences,https://maps.google.com/?cid=7312062781142259530&g_mp=Cilnb29nbGUubWFwcy5wbGFjZXMudjEuUGxhY2VzLlNlYXJjaE5lYXJieRAAGAQgAA,4.1,"condominium_complex, point_of_interest, establishment"
ChIJ4Ta0dAoa2jERxW9Z-hQBxnM,Hwa Chong Institution (High School Section),https://maps.google.com/?cid=8342356549361561541&g_mp=Cilnb29nbGUubWFwcy5wbGFjZXMudjEuUGxhY2VzLlNlYXJjaE5lYXJieRAAGAQgAA,,"secondary_school, school, point_of_interest, establishment"
ChIJNecNarcQ2jERdw5GN_6OhK4,Singapore Island Country Club (Bukit Location),https://maps.google.com/?cid=12575333282025442935&g_mp=Cilnb29nbGUubWFwcy5wbGFjZXMudjEuUGxhY2VzLlNlYXJjaE5lYXJieRAAGAQgAA,4.3,"sports_club, point_of_interest, establishment"
ChIJVQ99T7ob2jERNaXB_mMtdZA,RoyalGreen Condominium,https://maps.google.com/?cid=10409276021235885365&g_mp=Cilnb29nbGUubWFwcy5wbGFjZXMudjEuUGxhY2VzLlNlYXJjaE5lYXJieRAAGAQgAA,4.2,"condominium_complex, point_of_interest, establishment"
ChIJ4xur9KYQ2jERlbDlNmIrpBI,Raffles Girls' Primary School,https://maps.google.com/?cid=1343246289691062421&g_mp=Cilnb29nbGUubWFwcy5wbGFjZXMudjEuUGxhY2VzLlNlYXJjaE5lYXJieRAAGAQgAA,,"primary_school, school, point_of_interest, establishment"
ChIJV7Z0bwYa2jER98QDzqfnkgE,Atlas Coffeehouse,https://maps.google.com/?cid=113407648539591927&g_mp=Cilnb29nbGUubWFwcy5wbGFjZXMudjEuUGxhY2VzLlNlYXJjaE5lYXJieRAAGAQgAA,4.2,"cafe, brunch_restaurant, coffee_shop, food_store, store, restaurant, food, point_of_interest, establishment"
ChIJm4FN5MoR2jER2GHX6oHY6bU,Guthrie House,https://maps.google.com/?cid=13108246242940903896&g_mp=Cilnb29nbGUubWFwcy5wbGFjZXMudjEuUGxhY2VzLlNlYXJjaE5lYXJieRAAGAQgAA,4.1,"corporate_office, point_of_interest, establishment"
ChIJDSomDJMQ2jER457NzGJLfBs,Swiss Club Singapore,https://maps.google.com/?cid=1980540823851081443&g_mp=Cilnb29nbGUubWFwcy5wbGFjZXMudjEuUGxhY2VzLlNlYXJjaE5lYXJieRAAGAQgAA,4.6,"point_of_interest, establishment"
ChIJWXnu7qAQ2jERrOlrI02ICVQ,Hwa Chong International School,https://maps.google.com/?cid=6055521038864476588&g_mp=Cilnb29nbGUubWFwcy5wbGFjZXMudjEuUGxhY2VzLlNlYXJjaE5lYXJieRAAGAQgAA,5,"school, point_of_interest, establishment"
ChIJO3xl2qsQ2jERGD-6BnHFtEA,Hollandse Club,https://maps.google.com/?cid=4662568603470151448&g_mp=Cilnb29nbGUubWFwcy5wbGFjZXMudjEuUGxhY2VzLlNlYXJjaE5lYXJieRAAGAQgAA,4.2,"point_of_interest, establishment"
ChIJzb8l46sQ2jER4NIDTCvdw_A,"The Japanese Association, Singapore",https://maps.google.com/?cid=17348953367589933792&g_mp=Cilnb29nbGUubWFwcy5wbGFjZXMudjEuUGxhY2VzLlNlYXJjaE5lYXJieRAAGAQgAA,4.4,"point_of_interest, establishment"
ChIJ07MziFwX2jERAm3KTMyWP9o,Bishan MRT Station (CC15),https://maps.google.com/?cid=15726454228006890754&g_mp=Cilnb29nbGUubWFwcy5wbGFjZXMudjEuUGxhY2VzLlNlYXJjaE5lYXJieRAAGAQgAA,4.3,"point_of_interest, establishment"
ChIJR_zeZdAX2jERLNdPT1CiXfU,Toa Payoh MRT Station (NS19),https://maps.google.com/?cid=17680466177938151212&g_mp=Cilnb29nbGUubWFwcy5wbGFjZXMudjEuUGxhY2VzLlNlYXJjaE5lYXJieRAAGAQgAA,4.4,"point_of_interest, establishment"
ChIJC_JDKDAX2jERK0VIm3J7qZI,Thomson Plaza,https://maps.google.com/?cid=10568113732763272491&g_mp=Cilnb29nbGUubWFwcy5wbGFjZXMudjEuUGxhY2VzLlNlYXJjaE5lYXJieRAAGAQgAA,4.1,"shopping_mall, point_of_interest, establishment"
ChIJb-ErmBYX2jERBl1gF7cPIj4,Junction 8,https://maps.google.com/?cid=4477158258605317382&g_mp=Cilnb29nbGUubWFwcy5wbGFjZXMudjEuUGxhY2VzLlNlYXJjaE5lYXJieRAAGAQgAA,4.2,"shopping_mall, point_of_interest, establishment"
ChIJ3yUXvGYX2jERR500RLLrS60,Housing & Development Board,https://maps.google.com/?cid=12487333542695836999&g_mp=Cilnb29nbGUubWFwcy5wbGFjZXMudjEuUGxhY2VzLlNlYXJjaE5lYXJieRAAGAQgAA,4,"local_government_office, government_office, point_of_interest, establishment"
ChIJo2AF9qcX2jERwGRcILnKveo,Aloft Singapore Novena,https://maps.google.com/?cid=16914898671934137536&g_mp=Cilnb29nbGUubWFwcy5wbGFjZXMudjEuUGxhY2VzLlNlYXJjaE5lYXJieRAAGAQgAA,4.3,"hotel, wedding_venue, lodging, event_venue, point_of_interest, establishment"
ChIJx9MvzT8X2jERLvSR1fntFoI,Raffles Institution,https://maps.google.com/?cid=9373941331704017966&g_mp=Cilnb29nbGUubWFwcy5wbGFjZXMudjEuUGxhY2VzLlNlYXJjaE5lYXJieRAAGAQgAA,,"secondary_school, school, point_of_interest, establishment"
ChIJE0RfepAX2jERr_T2yF5Timc,Jadescape,https://maps.google.com/?cid=7460867399256306863&g_mp=Cilnb29nbGUubWFwcy5wbGFjZXMudjEuUGxhY2VzLlNlYXJjaE5lYXJieRAAGAQgAA,4.4,"condominium_complex, point_of_interest, establishment"
ChIJe_9PgNMX2jERwEClesEv90w,Upper Thomson MRT Station (TE8),https://maps.google.com/?cid=5545953974162899136&g_mp=Cilnb29nbGUubWFwcy5wbGFjZXMudjEuUGxhY2VzLlNlYXJjaE5lYXJieRAAGAQgAA,4.6,"point_of_interest, establishment"
ChIJD-oMe0MX2jERS-R_Q9sYyA8,Caldecott MRT Station (CC17),https://maps.google.com/?cid=1137186235920409675&g_mp=Cilnb29nbGUubWFwcy5wbGFjZXMudjEuUGxhY2VzLlNlYXJjaE5lYXJieRAAGAQgAA,4.6,"point_of_interest, establishment"
ChIJZdlKPGAX2jERZlOP1cN5tpE,Zhongshan Mall,https://maps.google.com/?cid=10499713463269413734&g_mp=Cilnb29nbGUubWFwcy5wbGFjZXMudjEuUGxhY2VzLlNlYXJjaE5lYXJieRAAGAQgAA,4.1,"shopping_mall, point_of_interest, establishment"
ChIJy6DqZR0X2jERQphoBLLoAss,Braddell MRT Station (NS18),https://maps.google.com/?cid=14628510390928578626&g_mp=Cilnb29nbGUubWFwcy5wbGFjZXMudjEuUGxhY2VzLlNlYXJjaE5lYXJieRAAGAQgAA,4.3,"point_of_interest, establishment"
ChIJ7avbBMEX2jERl-BLjstC8QQ,Toa Payoh Hub,https://maps.google.com/?cid=356139287572111511&g_mp=Cilnb29nbGUubWFwcy5wbGFjZXMudjEuUGxhY2VzLlNlYXJjaE5lYXJieRAAGAQgAA,4.3,"shopping_mall, food_store, store, food, point_of_interest, establishment"
ChIJ0087lXcX2jERja3SYAbb1L0,Marymount MRT Station (CC16),https://maps.google.com/?cid=13678798788671745421&g_mp=Cilnb29nbGUubWFwcy5wbGFjZXMudjEuUGxhY2VzLlNlYXJjaE5lYXJieRAAGAQgAA,4.3,"point_of_interest, establishment"
ChIJ5egbiV8X2jERZTyWeXcN7xU,Value Hotel Thomson,https://maps.google.com/?cid=1580496801022491749&g_mp=Cilnb29nbGUubWFwcy5wbGFjZXMudjEuUGxhY2VzLlNlYXJjaE5lYXJieRAAGAQgAA,3.5,"hotel, lodging, point_of_interest, establishment"
ChIJgUSj4W8X2jERgZPZQIq4F20,Gem Residences,https://maps.google.com/?cid=7860954578531488641&g_mp=Cilnb29nbGUubWFwcy5wbGFjZXMudjEuUGxhY2VzLlNlYXJjaE5lYXJieRAAGAQgAA,3.7,"condominium_complex, point_of_interest, establishment"
ChIJ8S_k7uIZ2jERykhndIzKOW8,Catholic Junior College,https://maps.google.com/?cid=8014659716479666378&g_mp=Cilnb29nbGUubWFwcy5wbGFjZXMudjEuUGxhY2VzLlNlYXJjaE5lYXJieRAAGAQgAA,4.3,"university, point_of_interest, establishment"
ChIJ48Ai4mYX2jER5M71MMdN5NY,Toa Payoh,https://maps.google.com/?cid=15484586936721854180&g_mp=Cilnb29nbGUubWFwcy5wbGFjZXMudjEuUGxhY2VzLlNlYXJjaE5lYXJieRAAGAQgAA,4.3,"subway_station, transit_station, point_of_interest, establishment"
ChIJcQc7a0YX2jERxIW83gvEGEk,MacRitchie Reservoir Park Car Park,https://maps.google.com/?cid=5267175319470376388&g_mp=Cilnb29nbGUubWFwcy5wbGFjZXMudjEuUGxhY2VzLlNlYXJjaE5lYXJieRAAGAQgAA,4.4,"parking, point_of_interest, establishment"
ChIJUZgFRKwX2jERb8htKcSaiRU,Raffles Girls School (Secondary),https://maps.google.com/?cid=1551941713905174639&g_mp=Cilnb29nbGUubWFwcy5wbGFjZXMudjEuUGxhY2VzLlNlYXJjaE5lYXJieRAAGAQgAA,,"school, point_of_interest, establishment"
ChIJOxhExnIX2jEROgvMdV2bvHw,BCA Academy,https://maps.google.com/?cid=8988229782035237690&g_mp=Cilnb29nbGUubWFwcy5wbGFjZXMudjEuUGxhY2VzLlNlYXJjaE5lYXJieRAAGAQgAA,4.4,"point_of_interest, establishment"
ChIJuxPYdnkX2jERGZ5cvcNOvJs,St Andrew's Junior College,https://maps.google.com/?cid=11221930974102986265&g_mp=Cilnb29nbGUubWFwcy5wbGFjZXMudjEuUGxhY2VzLlNlYXJjaE5lYXJieRAAGAQgAA,4.2,"university, point_of_interest, establishment"
ChIJX2aIQTgX2jERmJIluZZLty0,THE TRE VER,https://maps.google.com/?cid=3294184763168232088&g_mp=Cilnb29nbGUubWFwcy5wbGFjZXMudjEuUGxhY2VzLlNlYXJjaE5lYXJieRAAGAQgAA,3.5,"condominium_complex, apartment_building, point_of_interest, establishment"
ChIJOaGYeW4X2jERfxs9g4eb7KI,Toa Payoh Lorong 8 Market & Hawker Centre,https://maps.google.com/?cid=11739929334972750719&g_mp=Cilnb29nbGUubWFwcy5wbGFjZXMudjEuUGxhY2VzLlNlYXJjaE5lYXJieRAAGAQgAA,4.2,"restaurant, food, point_of_interest, establishment"
ChIJhaDz8-YZ2jERK__djVgpx2U,Toa Payoh Polyclinic,https://maps.google.com/?cid=7333875978510139179&g_mp=Cilnb29nbGUubWFwcy5wbGFjZXMudjEuUGxhY2VzLlNlYXJjaE5lYXJieRAAGAQgAA,3.1,"health, point_of_interest, establishment"
ChIJBy-bhXUX2jERaAp6CyjKLV4,The Arena Singapore,https://maps.google.com/?cid=6786302486857255528&g_mp=Cilnb29nbGUubWFwcy5wbGFjZXMudjEuUGxhY2VzLlNlYXJjaE5lYXJieRAAGAQgAA,4.1,"yoga_studio, fitness_center, gym, athletic_field, sports_complex, sports_coaching, school, sports_club, cafe, sports_activity_location, health, food, point_of_interest, establishment"
ChIJ_68_uG8X2jERyldHou77MrY,Pei Chun Public School,https://maps.google.com/?cid=13128832866081789898&g_mp=Cilnb29nbGUubWFwcy5wbGFjZXMudjEuUGxhY2VzLlNlYXJjaE5lYXJieRAAGAQgAA,3.7,"point_of_interest, establishment"
ChIJ410Ar3oX2jERATqJiwgW658,Kim Keat Palm Market & Food Centre,https://maps.google.com/?cid=11523328297514121729&g_mp=Cilnb29nbGUubWFwcy5wbGFjZXMudjEuUGxhY2VzLlNlYXJjaE5lYXJieRAAGAQgAA,4.1,"food_court, market, restaurant, food, point_of_interest, establishment"
ChIJwV19f3UX2jERfjdJxj6Fn6s,PUB Recreation Club,https://maps.google.com/?cid=12366749606443825022&g_mp=Cilnb29nbGUubWFwcy5wbGFjZXMudjEuUGxhY2VzLlNlYXJjaE5lYXJieRAAGAQgAA,4.2,"point_of_interest, establishment"
ChIJXyS6-XEX2jERux_6LEojh_o,Caritas Agape Village,https://maps.google.com/?cid=18052436432827064251&g_mp=Cilnb29nbGUubWFwcy5wbGFjZXMudjEuUGxhY2VzLlNlYXJjaE5lYXJieRAAGAQgAA,4.5,"community_center, event_venue, point_of_interest, establishment"
ChIJY2X9MmkX2jERoyngraY5a-I,Police Security Command,https://maps.google.com/?cid=16315197463124257187&g_mp=Cilnb29nbGUubWFwcy5wbGFjZXMudjEuUGxhY2VzLlNlYXJjaE5lYXJieRAAGAQgAA,,"police, point_of_interest, establishment"
ChIJdx6jPG4X2jERdZJA35IqLUM,Sheng Siong Supermarket,https://maps.google.com/?cid=4840571984792294005&g_mp=Cilnb29nbGUubWFwcy5wbGFjZXMudjEuUGxhY2VzLlNlYXJjaE5lYXJieRAAGAQgAA,4.2,"supermarket, grocery_store, food_store, store, food, point_of_interest, establishment"
ChIJ38-2-KgX2jERXuKtcHXtASg,Tesla Singapore - Toa Payoh,https://maps.google.com/?cid=2882846325151228510&g_mp=Cilnb29nbGUubWFwcy5wbGFjZXMudjEuUGxhY2VzLlNlYXJjaE5lYXJieRAAGAQgAA,4.5,"car_dealer, store, point_of_interest, establishment"
ChIJM0dPiHoX2jERDPDUgWihvCM,Sri Vairavimada Kaliamman Temple,https://maps.google.com/?cid=2575110557175967756&g_mp=Cilnb29nbGUubWFwcy5wbGFjZXMudjEuUGxhY2VzLlNlYXJjaE5lYXJieRAAGAQgAA,4.8,"hindu_temple, place_of_worship, point_of_interest, establishment"
ChIJocCX_G0X2jERHhyGz9UjyZU,First Toa Payoh Primary School,https://maps.google.com/?cid=10793197383186783262&g_mp=Cilnb29nbGUubWFwcy5wbGFjZXMudjEuUGxhY2VzLlNlYXJjaE5lYXJieRAAGAQgAA,,"primary_school, school, point_of_interest, establishment"
ChIJuatSAOkX2jER6QB06ZyJD0Q,ComfortDelGro Corporation Ltd,https://maps.google.com/?cid=4904289826254356713&g_mp=Cilnb29nbGUubWFwcy5wbGFjZXMudjEuUGxhY2VzLlNlYXJjaE5lYXJieRAAGAQgAA,3.1,"corporate_office, point_of_interest, establishment"
ChIJywfM93cX2jER5CCIUdltWYE,PUB Woodleigh Complex,https://maps.google.com/?cid=9320601683963158756&g_mp=Cilnb29nbGUubWFwcy5wbGFjZXMudjEuUGxhY2VzLlNlYXJjaE5lYXJieRAAGAQgAA,3.8,"government_office, point_of_interest, establishment"
ChIJe5hmJnIX2jERpmbH3qDsOmU,Braddell Tech,https://maps.google.com/?cid=7294402722156471974&g_mp=Cilnb29nbGUubWFwcy5wbGFjZXMudjEuUGxhY2VzLlNlYXJjaE5lYXJieRAAGAQgAA,4.3,"storage, point_of_interest, establishment"
ChIJVenRmXkX2jERC4Mpx_9jbww,St Andrew's Hall,https://maps.google.com/?cid=896044801079214859&g_mp=Cilnb29nbGUubWFwcy5wbGFjZXMudjEuUGxhY2VzLlNlYXJjaE5lYXJieRAAGAQgAA,3,"point_of_interest, establishment"
ChIJXyS6-XEX2jERod6wnivtOYA,Marymount Centre,https://maps.google.com/?cid=9239676882129051297&g_mp=Cilnb29nbGUubWFwcy5wbGFjZXMudjEuUGxhY2VzLlNlYXJjaE5lYXJieRAAGAQgAA,4.5,"point_of_interest, establishment"
ChIJHWP2yp4X2jERMPKIX3NQsto,Grantral Mall/Grantral Complex@Macpherson,https://maps.google.com/?cid=15758746502577058352&g_mp=Cilnb29nbGUubWFwcy5wbGFjZXMudjEuUGxhY2VzLlNlYXJjaE5lYXJieRAAGAQgAA,3.7,"shopping_mall, point_of_interest, establishment"
ChIJs5FVJhIX2jER7efvOK7ObVM,The Woodleigh Mall,https://maps.google.com/?cid=6011688325284358125&g_mp=Cilnb29nbGUubWFwcy5wbGFjZXMudjEuUGxhY2VzLlNlYXJjaE5lYXJieRAAGAQgAA,3.9,"shopping_mall, point_of_interest, establishment"
ChIJN409H-AX2jERUGjku0klD2g,CDC Driving Centre (Ubi),https://maps.google.com/?cid=7498252903210313808&g_mp=Cilnb29nbGUubWFwcy5wbGFjZXMudjEuUGxhY2VzLlNlYXJjaE5lYXJieRAAGAQgAA,3.8,"point_of_interest, establishment"
ChIJuZAHGyAX2jER0IxgVzGE5hM,Tai Seng MRT Station (CC11),https://maps.google.com/?cid=1433978878818290896&g_mp=Cilnb29nbGUubWFwcy5wbGFjZXMudjEuUGxhY2VzLlNlYXJjaE5lYXJieRAAGAQgAA,4.4,"point_of_interest, establishment"
ChIJbTmU9rMX2jER-x-599r8Rzg,ComfortDelGro Driving Centre,https://maps.google.com/?cid=4055488006859595771&g_mp=Cilnb29nbGUubWFwcy5wbGFjZXMudjEuUGxhY2VzLlNlYXJjaE5lYXJieRAAGAQgAA,4.3,"point_of_interest, establishment"
ChIJyx3SvGYX2jERK_L_6GMhd3o,Ubi MRT Station (DT27),https://maps.google.com/?cid=8824558707850342955&g_mp=Cilnb29nbGUubWFwcy5wbGFjZXMudjEuUGxhY2VzLlNlYXJjaE5lYXJieRAAGAQgAA,4.6,"point_of_interest, establishment"
ChIJ28DTsvQX2jERHwn0Id9BDE4,Traffic Police Headquarters,https://maps.google.com/?cid=5623942461282060575&g_mp=Cilnb29nbGUubWFwcy5wbGFjZXMudjEuUGxhY2VzLlNlYXJjaE5lYXJieRAAGAQgAA,,"government_office, police, point_of_interest, establishment"
ChIJVyFPB_MX2jERb-CyOUVJ01w,Vertex,https://maps.google.com/?cid=6688770433244913775&g_mp=Cilnb29nbGUubWFwcy5wbGFjZXMudjEuUGxhY2VzLlNlYXJjaE5lYXJieRAAGAQgAA,3.9,"point_of_interest, establishment"
ChIJ-e0PCLsX2jERjbu598skU4w,The Minton,https://maps.google.com/?cid=10111466046830001037&g_mp=Cilnb29nbGUubWFwcy5wbGFjZXMudjEuUGxhY2VzLlNlYXJjaE5lYXJieRAAGAQgAA,4.3,"condominium_complex, apartment_building, point_of_interest, establishment"
ChIJKyFMHWoX2jERPgj3zAs_T5I,Oxley BizHub - Huatzard,https://maps.google.com/?cid=10542714572613552190&g_mp=Cilnb29nbGUubWFwcy5wbGFjZXMudjEuUGxhY2VzLlNlYXJjaE5lYXJieRAAGAQgAA,3.6,"corporate_office, real_estate_agency, point_of_interest, establishment"
ChIJkVfhq34Z2jERSiSnfWt5e9k,MacPherson MRT Exit B,https://maps.google.com/?cid=15671252830942340170&g_mp=Cilnb29nbGUubWFwcy5wbGFjZXMudjEuUGxhY2VzLlNlYXJjaE5lYXJieRAAGAQgAA,4.4,"point_of_interest, establishment"
ChIJIYhHZwEX2jER1tIbVhvPhoE,Jojis Diner - Serangoon,https://maps.google.com/?cid=9333374994087662294&g_mp=Cilnb29nbGUubWFwcy5wbGFjZXMudjEuUGxhY2VzLlNlYXJjaE5lYXJieRAAGAQgAA,4.2,"diner, restaurant, food, point_of_interest, establishment"
ChIJcQWy_PEX2jEReysgrkFlVxc,Bartley MRT Station (CC12),https://maps.google.com/?cid=1681924318614793083&g_mp=Cilnb29nbGUubWFwcy5wbGFjZXMudjEuUGxhY2VzLlNlYXJjaE5lYXJieRAAGAQgAA,4.4,"point_of_interest, establishment"
ChIJoY4MnY4X2jERSZqbAAU7Sg8,ibis Styles Singapore On Macpherson,https://maps.google.com/?cid=1101757951516580425&g_mp=Cilnb29nbGUubWFwcy5wbGFjZXMudjEuUGxhY2VzLlNlYXJjaE5lYXJieRAAGAQgAA,3.7,"hotel, lodging, point_of_interest, establishment"
ChIJH_hnBB4Y2jERgF3OpTEVDQ4,Ubi Techpark,https://maps.google.com/?cid=1012488794207575424&g_mp=Cilnb29nbGUubWFwcy5wbGFjZXMudjEuUGxhY2VzLlNlYXJjaE5lYXJieRAAGAQgAA,3.9,"point_of_interest, establishment"
ChIJ8TvwnY0X2jER3eTNw9iVmKE,Tai Seng,https://maps.google.com/?cid=11644221594796942557&g_mp=Cilnb29nbGUubWFwcy5wbGFjZXMudjEuUGxhY2VzLlNlYXJjaE5lYXJieRAAGAQgAA,4,"subway_station, transit_station, point_of_interest, establishment"
ChIJ12drAI8X2jER8nyHevTALcw,Botanique at Bartley,https://maps.google.com/?cid=14712627713949531378&g_mp=Cilnb29nbGUubWFwcy5wbGFjZXMudjEuUGxhY2VzLlNlYXJjaE5lYXJieRAAGAQgAA,4.2,"condominium_complex, point_of_interest, establishment"
ChIJw7LDcjAX2jERsCEn61QAC-8,Woodleigh Village Hawker Centre,https://maps.google.com/?cid=17224861564531057072&g_mp=Cilnb29nbGUubWFwcy5wbGFjZXMudjEuUGxhY2VzLlNlYXJjaE5lYXJieRAAGAQgAA,4,"restaurant, food, point_of_interest, establishment"
ChIJP6_oVKEX2jER8tuSBXrr2es,Serangoon,https://maps.google.com/?cid=16994873578171325426&g_mp=Cilnb29nbGUubWFwcy5wbGFjZXMudjEuUGxhY2VzLlNlYXJjaE5lYXJieRAAGAQgAA,4.2,"subway_station, transit_station, point_of_interest, establishment"
ChIJ7_AMIJkX2jER7Ch6tzCHNyI,Bidadari Park,https://maps.google.com/?cid=2465587964315052268&g_mp=Cilnb29nbGUubWFwcy5wbGFjZXMudjEuUGxhY2VzLlNlYXJjaE5lYXJieRAAGAQgAA,4.3,"park, point_of_interest, establishment"
ChIJcWfV_mk92jERlqKEnZLi8os,Temasek Polytechnic,https://maps.google.com/?cid=10084371634971779734&g_mp=Cilnb29nbGUubWFwcy5wbGFjZXMudjEuUGxhY2VzLlNlYXJjaE5lYXJieRAAGAQgAA,4.2,"point_of_interest, establishment"
ChIJh1JQExsX2jERu42Fr43xXFg,Kaki Bukit MRT Station (DT28),https://maps.google.com/?cid=6367229564032486843&g_mp=Cilnb29nbGUubWFwcy5wbGFjZXMudjEuUGxhY2VzLlNlYXJjaE5lYXJieRAAGAQgAA,4.6,"point_of_interest, establishment"
ChIJIXd5bmI92jERurGm3gMY1bw,HomeTeamNS Bedok Reservoir Clubhouse,https://maps.google.com/?cid=13606808254069256634&g_mp=Cilnb29nbGUubWFwcy5wbGFjZXMudjEuUGxhY2VzLlNlYXJjaE5lYXJieRAAGAQgAA,4.3,"sports_activity_location, point_of_interest, establishment"
ChIJrVSO7_gX2jERP4Ho2AQ_JC8,euHabitat,https://maps.google.com/?cid=3396909308995731775&g_mp=Cilnb29nbGUubWFwcy5wbGFjZXMudjEuUGxhY2VzLlNlYXJjaE5lYXJieRAAGAQgAA,4.3,"condominium_complex, point_of_interest, establishment"
ChIJp7rLCkY92jERRFElyNyk4dU,Bedok Reservoir MRT Station (DT30),https://maps.google.com/?cid=15411780667996197188&g_mp=Cilnb29nbGUubWFwcy5wbGFjZXMudjEuUGxhY2VzLlNlYXJjaE5lYXJieRAAGAQgAA,4.5,"point_of_interest, establishment"
ChIJ4zaqZOQX2jERjQ-WmTsnOgE,VICOM Inspection Centre (Kaki Bukit),https://maps.google.com/?cid=88426279620448141&g_mp=Cilnb29nbGUubWFwcy5wbGFjZXMudjEuUGxhY2VzLlNlYXJjaE5lYXJieRAAGAQgAA,3.7,"car_repair, point_of_interest, establishment"
ChIJq5msxxc92jER1NRIVs4OSdo,Bedok North MRT Station (DT29),https://maps.google.com/?cid=15729119452941833428&g_mp=Cilnb29nbGUubWFwcy5wbGFjZXMudjEuUGxhY2VzLlNlYXJjaE5lYXJieRAAGAQgAA,4.4,"point_of_interest, establishment"
ChIJO7A2amk92jER-5k3F3qJ7sM,Arc at Tampines Condominium,https://maps.google.com/?cid=14118373039321618939&g_mp=Cilnb29nbGUubWFwcy5wbGFjZXMudjEuUGxhY2VzLlNlYXJjaE5lYXJieRAAGAQgAA,4.2,"condominium_complex, real_estate_agency, point_of_interest, establishment"
ChIJWccVpW892jERV5h42PAl3E4,The Santorini,https://maps.google.com/?cid=5682458546188884055&g_mp=Cilnb29nbGUubWFwcy5wbGFjZXMudjEuUGxhY2VzLlNlYXJjaE5lYXJieRAAGAQgAA,4.2,"condominium_complex, point_of_interest, establishment"
ChIJRdzbymg92jERO03lA4RbvVw,Waterview,https://maps.google.com/?cid=6682598044646853947&g_mp=Cilnb29nbGUubWFwcy5wbGFjZXMudjEuUGxhY2VzLlNlYXJjaE5lYXJieRAAGAQgAA,4.3,"condominium_complex, point_of_interest, establishment"
ChIJXXBT40Q92jERWBmP9cmRUyk,Waterfront Isle,https://maps.google.com/?cid=2977884075216279896&g_mp=Cilnb29nbGUubWFwcy5wbGFjZXMudjEuUGxhY2VzLlNlYXJjaE5lYXJieRAAGAQgAA,4.5,"condominium_complex, point_of_interest, establishment"
ChIJHzXTIXI92jERMlj22uu9IBw,Q Bay Residences,https://maps.google.com/?cid=2026828653005264946&g_mp=Cilnb29nbGUubWFwcy5wbGFjZXMudjEuUGxhY2VzLlNlYXJjaE5lYXJieRAAGAQgAA,4.2,"condominium_complex, point_of_interest, establishment"
ChIJUVVVRcIX2jERRnmyNaUIMFE,Singapore Air Force Museum,https://maps.google.com/?cid=5850185421617789254&g_mp=Cilnb29nbGUubWFwcy5wbGFjZXMudjEuUGxhY2VzLlNlYXJjaE5lYXJieRAAGAQgAA,4.4,"tourist_attraction, museum, point_of_interest, establishment"
ChIJ4TqGV_sX2jERpTXYBmVKylM,Kaki Bukit,https://maps.google.com/?cid=6037720048210556325&g_mp=Cilnb29nbGUubWFwcy5wbGFjZXMudjEuUGxhY2VzLlNlYXJjaE5lYXJieRAAGAQgAA,4.3,"subway_station, transit_station, point_of_interest, establishment"
ChIJg2bngFk92jERgUyLtkvBQ74,Archipelago,https://maps.google.com/?cid=13710014221575212161&g_mp=Cilnb29nbGUubWFwcy5wbGFjZXMudjEuUGxhY2VzLlNlYXJjaE5lYXJieRAAGAQgAA,4.3,"condominium_complex, point_of_interest, establishment"
ChIJR_UM2OkX2jERgaDSFTob4mI,Paya Lebar Air Base,https://maps.google.com/?cid=7125287496741724289&g_mp=Cilnb29nbGUubWFwcy5wbGFjZXMudjEuUGxhY2VzLlNlYXJjaE5lYXJieRAAGAQgAA,4.3,"bus_stop, transit_station, point_of_interest, establishment"
ChIJqUKFh_AX2jERDLl7AvYWBoI,Enterprise One,https://maps.google.com/?cid=9369201320650324236&g_mp=Cilnb29nbGUubWFwcy5wbGFjZXMudjEuUGxhY2VzLlNlYXJjaE5lYXJieRAAGAQgAA,4,"real_estate_agency, point_of_interest, establishment"
ChIJP_k_02g92jERY5l4jhZVBIk,Caltex,https://maps.google.com/?cid=9873109838470879587&g_mp=Cilnb29nbGUubWFwcy5wbGFjZXMudjEuUGxhY2VzLlNlYXJjaE5lYXJieRAAGAQgAA,3.9,"gas_station, car_wash, convenience_store, food_store, atm, finance, store, food, point_of_interest, establishment"
ChIJRyei8fsX2jERrBXFmquU7ls,Waterfront Waves,https://maps.google.com/?cid=6624395566665504172&g_mp=Cilnb29nbGUubWFwcy5wbGFjZXMudjEuUGxhY2VzLlNlYXJjaE5lYXJieRAAGAQgAA,4.2,"condominium_complex, apartment_building, point_of_interest, establishment"
ChIJTf_A6-EX2jERhlZJI6uZUQg,AutoBay@Kaki Bukit,https://maps.google.com/?cid=599429185727452806&g_mp=Cilnb29nbGUubWFwcy5wbGFjZXMudjEuUGxhY2VzLlNlYXJjaE5lYXJieRAAGAQgAA,4.1,"car_repair, point_of_interest, establishment"
